series_id,group_id,surface,run_id,run_pos
0,13,fine_concrete,21,28
1,31,concrete,32,14
2,20,concrete,5,4
3,31,concrete,32,42
4,22,soft_tiles,12,24
5,1,tiled,31,72
6,34,soft_pvc,24,26
7,31,concrete,32,49
8,33,hard_tiles_large_space,9,13
9,11,tiled,31,37
10,26,soft_pvc,18,149
11,1,tiled,31,80
12,25,carpet,22,28
13,25,carpet,22,32
14,12,concrete,8,20
15,7,carpet,17,17
16,7,carpet,17,37
17,21,soft_tiles,28,43
18,8,tiled,26,75
19,9,soft_tiles,0,0
20,11,tiled,31,34
21,33,hard_tiles_large_space,9,5
22,22,soft_tiles,12,52
23,28,tiled,26,23
24,9,soft_tiles,0,25
25,15,soft_tiles,14,14
26,13,fine_concrete,21,36
27,27,hard_tiles,27,3
28,11,tiled,31,25
29,33,hard_tiles_large_space,9,15
30,9,soft_tiles,0,19
31,9,soft_tiles,0,43
32,35,fine_concrete,10,4
33,32,concrete,25,12
34,20,concrete,11,5
35,12,concrete,8,51
36,1,tiled,31,68
37,25,carpet,22,29
38,34,soft_pvc,23,25
39,23,wood,1,8
40,13,fine_concrete,21,17
41,14,wood,30,1
42,35,fine_concrete,10,9
43,23,wood,1,42
44,15,soft_tiles,14,12
45,27,hard_tiles,27,1
46,26,soft_pvc,18,150
47,30,fine_concrete,21,57
48,32,concrete,25,24
49,3,soft_pvc,18,65
50,32,concrete,2,10
51,9,soft_tiles,4,8
52,9,soft_tiles,0,26
53,20,concrete,25,63
54,25,carpet,22,4
55,22,soft_tiles,12,1
56,35,fine_concrete,10,51
57,35,fine_concrete,10,47
58,7,carpet,17,7
59,22,soft_tiles,12,8
60,32,concrete,25,36
61,28,tiled,26,20
62,29,soft_pvc,6,44
63,16,hard_tiles_large_space,29,10
64,3,soft_pvc,18,76
65,32,concrete,25,3
66,8,tiled,26,43
67,28,tiled,26,35
68,20,concrete,25,74
69,3,soft_pvc,18,49
70,0,concrete,2,45
71,12,concrete,8,4
72,3,soft_pvc,18,77
73,34,soft_pvc,24,36
74,23,wood,1,0
75,35,fine_concrete,10,20
76,9,soft_tiles,4,3
77,13,fine_concrete,21,49
78,29,soft_pvc,6,14
79,35,fine_concrete,10,34
80,9,soft_tiles,0,17
81,1,tiled,31,88
82,34,soft_pvc,24,7
83,10,wood,20,3
84,35,fine_concrete,10,7
85,15,soft_tiles,14,21
86,20,concrete,25,66
87,26,soft_pvc,18,134
88,9,soft_tiles,0,6
89,23,wood,1,22
90,29,soft_pvc,6,27
91,26,soft_pvc,18,110
92,30,fine_concrete,21,58
93,13,fine_concrete,21,51
94,0,concrete,2,57
95,22,soft_tiles,12,25
96,10,wood,19,5
97,14,wood,30,13
98,33,hard_tiles_large_space,9,11
99,11,tiled,31,51
100,13,fine_concrete,21,54
101,21,soft_tiles,28,50
102,10,wood,19,2
103,26,soft_pvc,18,156
104,13,fine_concrete,21,11
105,19,soft_pvc,23,3
106,4,soft_tiles,0,83
107,21,soft_tiles,28,19
108,29,soft_pvc,6,53
109,19,soft_pvc,7,29
110,23,wood,1,36
111,13,fine_concrete,21,31
112,18,soft_pvc,18,166
113,12,concrete,8,5
114,4,soft_tiles,0,61
115,6,soft_pvc,18,13
116,18,soft_pvc,18,183
117,15,soft_tiles,14,11
118,25,carpet,22,3
119,16,hard_tiles_large_space,29,21
120,1,tiled,31,82
121,17,soft_tiles,28,4
122,29,soft_pvc,6,11
123,19,soft_pvc,7,41
124,33,hard_tiles_large_space,9,9
125,32,concrete,25,16
126,8,tiled,26,40
127,8,tiled,26,55
128,7,carpet,17,40
129,4,soft_tiles,0,49
130,19,soft_pvc,7,33
131,6,soft_pvc,18,45
132,13,fine_concrete,21,20
133,26,soft_pvc,18,121
134,15,soft_tiles,14,7
135,4,soft_tiles,0,48
136,4,soft_tiles,0,78
137,9,soft_tiles,0,10
138,23,wood,1,11
139,0,concrete,2,47
140,4,soft_tiles,0,92
141,11,tiled,31,44
142,33,hard_tiles_large_space,9,29
143,29,soft_pvc,6,13
144,0,concrete,2,0
145,17,soft_tiles,28,6
146,11,tiled,31,4
147,14,wood,30,7
148,27,hard_tiles,27,15
149,7,carpet,17,30
150,9,soft_tiles,0,13
151,0,concrete,2,33
152,0,concrete,2,46
153,16,hard_tiles_large_space,29,23
154,6,soft_pvc,18,30
155,13,fine_concrete,21,5
156,17,soft_tiles,28,5
157,0,concrete,2,31
158,6,soft_pvc,18,1
159,22,soft_tiles,12,32
160,28,tiled,26,22
161,13,fine_concrete,21,4
162,12,concrete,8,33
163,34,soft_pvc,24,30
164,14,wood,7,55
165,33,hard_tiles_large_space,9,32
166,26,soft_pvc,18,146
167,13,fine_concrete,21,35
168,35,fine_concrete,10,25
169,13,fine_concrete,21,10
170,11,tiled,31,32
171,1,tiled,31,90
172,14,wood,7,47
173,20,concrete,25,76
174,8,tiled,26,81
175,16,hard_tiles_large_space,29,29
176,7,carpet,17,27
177,10,wood,19,26
178,6,soft_pvc,18,14
179,16,hard_tiles_large_space,29,28
180,9,soft_tiles,4,2
181,1,tiled,31,93
182,20,concrete,25,84
183,16,hard_tiles_large_space,29,36
184,19,soft_pvc,7,6
185,33,hard_tiles_large_space,9,33
186,18,soft_pvc,18,189
187,11,tiled,31,3
188,7,carpet,17,18
189,27,hard_tiles,27,9
190,35,fine_concrete,10,38
191,21,soft_tiles,28,48
192,10,wood,19,14
193,29,soft_pvc,6,55
194,35,fine_concrete,10,49
195,5,concrete,13,5
196,22,soft_tiles,12,21
197,10,wood,20,17
198,0,concrete,2,56
199,12,concrete,8,17
200,28,tiled,26,10
201,29,soft_pvc,6,6
202,5,concrete,13,3
203,18,soft_pvc,18,180
204,14,wood,30,15
205,26,soft_pvc,18,126
206,7,carpet,17,43
207,2,wood,3,2
208,12,concrete,8,42
209,16,hard_tiles_large_space,29,9
210,21,soft_tiles,28,30
211,19,soft_pvc,7,32
212,12,concrete,8,13
213,25,carpet,22,30
214,34,soft_pvc,24,16
215,2,wood,3,3
216,2,wood,3,0
217,23,wood,1,14
218,21,soft_tiles,28,32
219,7,carpet,17,54
220,28,tiled,26,7
221,9,soft_tiles,4,0
222,3,soft_pvc,18,59
223,3,soft_pvc,18,58
224,33,hard_tiles_large_space,9,39
225,11,tiled,31,7
226,10,wood,19,19
227,3,soft_pvc,18,63
228,19,soft_pvc,7,15
229,10,wood,20,2
230,31,concrete,32,18
231,35,fine_concrete,10,48
232,26,soft_pvc,18,135
233,20,concrete,25,81
234,11,tiled,31,22
235,0,concrete,2,29
236,15,soft_tiles,14,29
237,18,soft_pvc,18,188
238,13,fine_concrete,21,48
239,1,tiled,31,56
240,4,soft_tiles,0,84
241,3,soft_pvc,18,86
242,20,concrete,5,9
243,20,concrete,5,5
244,25,carpet,22,37
245,17,soft_tiles,28,11
246,18,soft_pvc,18,197
247,29,soft_pvc,6,51
248,15,soft_tiles,14,19
249,6,soft_pvc,18,37
250,25,carpet,22,39
251,2,wood,3,15
252,29,soft_pvc,6,35
253,9,soft_tiles,0,15
254,1,tiled,31,62
255,23,wood,30,25
256,2,wood,3,12
257,27,hard_tiles,27,5
258,4,soft_tiles,0,96
259,15,soft_tiles,14,5
260,34,soft_pvc,24,33
261,12,concrete,8,29
262,34,soft_pvc,24,13
263,10,wood,19,6
264,3,soft_pvc,18,97
265,10,wood,20,10
266,19,soft_pvc,7,2
267,26,soft_pvc,18,128
268,20,concrete,5,0
269,26,soft_pvc,18,112
270,10,wood,20,15
271,8,tiled,26,88
272,21,soft_tiles,28,68
273,16,hard_tiles_large_space,29,2
274,13,fine_concrete,21,44
275,15,soft_tiles,14,27
276,11,tiled,31,33
277,12,concrete,8,3
278,15,soft_tiles,14,34
279,6,soft_pvc,18,28
280,35,fine_concrete,10,8
281,20,concrete,25,57
282,34,soft_pvc,24,31
283,19,soft_pvc,7,10
284,28,tiled,26,33
285,33,hard_tiles_large_space,9,54
286,19,soft_pvc,7,14
287,18,soft_pvc,18,217
288,29,soft_pvc,6,0
289,18,soft_pvc,18,214
290,29,soft_pvc,6,23
291,4,soft_tiles,0,80
292,21,soft_tiles,28,22
293,9,soft_tiles,0,34
294,29,soft_pvc,6,8
295,29,soft_pvc,6,3
296,33,hard_tiles_large_space,9,45
297,23,wood,1,32
298,4,soft_tiles,0,65
299,32,concrete,25,13
300,33,hard_tiles_large_space,9,24
301,26,soft_pvc,18,136
302,19,soft_pvc,23,13
303,1,tiled,31,73
304,31,concrete,32,37
305,8,tiled,26,92
306,32,concrete,25,49
307,4,soft_tiles,0,73
308,7,carpet,17,6
309,8,tiled,26,77
310,5,concrete,13,8
311,33,hard_tiles_large_space,9,52
312,7,carpet,17,34
313,11,tiled,31,28
314,21,soft_tiles,28,40
315,32,concrete,25,5
316,21,soft_tiles,28,45
317,28,tiled,26,3
318,7,carpet,17,50
319,32,concrete,2,5
320,6,soft_pvc,18,40
321,4,soft_tiles,0,45
322,23,wood,1,31
323,20,concrete,25,50
324,1,tiled,31,74
325,26,soft_pvc,18,152
326,6,soft_pvc,18,25
327,19,soft_pvc,7,0
328,14,wood,7,45
329,19,soft_pvc,23,2
330,20,concrete,5,3
331,34,soft_pvc,24,18
332,2,wood,3,1
333,0,concrete,2,49
334,15,soft_tiles,14,23
335,12,concrete,8,0
336,23,wood,30,30
337,19,soft_pvc,7,38
338,28,tiled,26,21
339,22,soft_tiles,12,18
340,6,soft_pvc,18,26
341,23,wood,1,6
342,20,concrete,25,69
343,16,hard_tiles_large_space,29,32
344,24,wood,1,47
345,0,concrete,2,35
346,3,soft_pvc,18,75
347,8,tiled,26,85
348,4,soft_tiles,0,77
349,20,concrete,5,1
350,33,hard_tiles_large_space,9,0
351,21,soft_tiles,28,29
352,35,fine_concrete,10,44
353,12,concrete,8,48
354,26,soft_pvc,18,147
355,14,wood,7,48
356,0,concrete,2,17
357,21,soft_tiles,28,58
358,35,fine_concrete,10,22
359,10,wood,19,29
360,0,concrete,2,36
361,3,soft_pvc,18,68
362,32,concrete,25,38
363,3,soft_pvc,18,70
364,26,soft_pvc,18,130
365,21,soft_tiles,28,65
366,1,tiled,31,61
367,19,soft_pvc,7,11
368,28,tiled,26,25
369,23,wood,1,9
370,9,soft_tiles,0,24
371,9,soft_tiles,4,1
372,9,soft_tiles,0,11
373,31,concrete,32,44
374,29,soft_pvc,6,31
375,21,soft_tiles,28,27
376,33,hard_tiles_large_space,9,25
377,15,soft_tiles,14,49
378,8,tiled,26,44
379,22,soft_tiles,12,48
380,15,soft_tiles,14,50
381,26,soft_pvc,18,140
382,28,tiled,26,29
383,26,soft_pvc,18,154
384,16,hard_tiles_large_space,29,27
385,21,soft_tiles,28,52
386,1,tiled,31,57
387,31,concrete,32,11
388,29,soft_pvc,6,33
389,25,carpet,22,11
390,26,soft_pvc,18,115
391,23,wood,1,4
392,25,carpet,15,6
393,35,fine_concrete,10,35
394,35,fine_concrete,10,19
395,25,carpet,22,33
396,20,concrete,5,2
397,21,soft_tiles,28,62
398,16,hard_tiles_large_space,29,22
399,15,soft_tiles,14,56
400,0,concrete,2,18
401,12,concrete,8,1
402,18,soft_pvc,18,213
403,32,concrete,25,2
404,12,concrete,8,37
405,21,soft_tiles,28,46
406,4,soft_tiles,0,54
407,29,soft_pvc,6,42
408,20,concrete,25,59
409,3,soft_pvc,18,94
410,11,tiled,31,5
411,11,tiled,31,18
412,34,soft_pvc,23,24
413,18,soft_pvc,18,196
414,31,concrete,32,26
415,13,fine_concrete,21,55
416,34,soft_pvc,23,16
417,10,wood,19,33
418,23,wood,1,7
419,31,concrete,32,48
420,3,soft_pvc,18,55
421,21,soft_tiles,28,36
422,11,tiled,31,35
423,6,soft_pvc,18,33
424,18,soft_pvc,18,179
425,22,soft_tiles,12,47
426,16,hard_tiles_large_space,29,4
427,12,concrete,8,7
428,0,concrete,2,30
429,1,tiled,31,58
430,6,soft_pvc,18,41
431,1,tiled,31,71
432,33,hard_tiles_large_space,9,1
433,34,soft_pvc,23,17
434,18,soft_pvc,18,193
435,26,soft_pvc,18,155
436,14,wood,30,3
437,34,soft_pvc,24,41
438,20,concrete,25,67
439,15,soft_tiles,14,38
440,9,soft_tiles,0,36
441,35,fine_concrete,10,0
442,23,wood,1,33
443,16,hard_tiles_large_space,29,43
444,3,soft_pvc,18,50
445,9,soft_tiles,0,23
446,10,wood,19,12
447,23,wood,30,24
448,22,soft_tiles,12,5
449,12,concrete,8,21
450,1,tiled,31,59
451,34,soft_pvc,23,18
452,9,soft_tiles,0,3
453,3,soft_pvc,18,101
454,9,soft_tiles,4,7
455,21,soft_tiles,28,14
456,19,soft_pvc,7,19
457,16,hard_tiles_large_space,29,34
458,21,soft_tiles,28,67
459,27,hard_tiles,27,6
460,15,soft_tiles,14,4
461,10,wood,19,24
462,16,hard_tiles_large_space,29,15
463,22,soft_tiles,12,38
464,34,soft_pvc,23,27
465,26,soft_pvc,18,107
466,20,concrete,11,0
467,34,soft_pvc,23,15
468,9,soft_tiles,0,38
469,31,concrete,32,32
470,32,concrete,25,19
471,31,concrete,32,38
472,6,soft_pvc,18,27
473,10,wood,20,20
474,22,soft_tiles,12,55
475,13,fine_concrete,21,29
476,11,tiled,31,2
477,29,soft_pvc,6,22
478,22,soft_tiles,12,22
479,12,concrete,8,23
480,4,soft_tiles,0,86
481,11,tiled,31,23
482,19,soft_pvc,7,40
483,23,wood,1,19
484,1,tiled,31,76
485,4,soft_tiles,0,47
486,13,fine_concrete,21,1
487,20,concrete,25,86
488,8,tiled,26,66
489,35,fine_concrete,10,10
490,34,soft_pvc,24,15
491,34,soft_pvc,24,6
492,32,concrete,25,9
493,35,fine_concrete,10,2
494,20,concrete,25,56
495,20,concrete,25,51
496,8,tiled,26,72
497,22,soft_tiles,12,46
498,32,concrete,25,39
499,7,carpet,17,25
500,34,soft_pvc,24,17
501,21,soft_tiles,28,35
502,17,soft_tiles,28,10
503,19,soft_pvc,7,3
504,9,soft_tiles,0,4
505,22,soft_tiles,12,41
506,25,carpet,22,34
507,35,fine_concrete,10,42
508,4,soft_tiles,0,76
509,3,soft_pvc,18,92
510,12,concrete,8,8
511,22,soft_tiles,12,0
512,0,concrete,2,1
513,29,soft_pvc,6,4
514,11,tiled,31,20
515,23,wood,1,1
516,35,fine_concrete,10,54
517,31,concrete,32,15
518,6,soft_pvc,18,8
519,13,fine_concrete,21,52
520,7,carpet,17,14
521,35,fine_concrete,10,26
522,23,wood,1,41
523,31,concrete,32,47
524,31,concrete,32,17
525,21,soft_tiles,28,31
526,14,wood,30,8
527,27,hard_tiles,27,12
528,7,carpet,17,31
529,11,tiled,31,47
530,14,wood,16,2
531,14,wood,7,61
532,10,wood,19,10
533,16,hard_tiles_large_space,29,11
534,29,soft_pvc,6,12
535,0,concrete,2,20
536,14,wood,7,60
537,5,concrete,13,0
538,10,wood,19,3
539,6,soft_pvc,18,16
540,33,hard_tiles_large_space,9,37
541,4,soft_tiles,0,46
542,26,soft_pvc,18,118
543,15,soft_tiles,14,25
544,6,soft_pvc,18,5
545,3,soft_pvc,18,67
546,10,wood,19,15
547,33,hard_tiles_large_space,9,27
548,16,hard_tiles_large_space,29,44
549,10,wood,19,16
550,15,soft_tiles,14,53
551,2,wood,3,7
552,15,soft_tiles,14,15
553,6,soft_pvc,18,46
554,18,soft_pvc,18,195
555,16,hard_tiles_large_space,29,31
556,26,soft_pvc,18,106
557,11,tiled,31,41
558,33,hard_tiles_large_space,9,47
559,1,tiled,31,70
560,33,hard_tiles_large_space,9,30
561,28,tiled,26,30
562,12,concrete,8,30
563,35,fine_concrete,10,32
564,31,concrete,32,45
565,29,soft_pvc,6,32
566,27,hard_tiles,27,11
567,3,soft_pvc,18,89
568,4,soft_tiles,0,62
569,10,wood,19,31
570,12,concrete,8,27
571,17,soft_tiles,28,8
572,7,carpet,17,41
573,14,wood,30,19
574,19,soft_pvc,7,28
575,32,concrete,25,46
576,20,concrete,25,52
577,9,soft_tiles,0,21
578,12,concrete,8,43
579,14,wood,7,66
580,7,carpet,17,23
581,9,soft_tiles,4,9
582,22,soft_tiles,12,15
583,8,tiled,26,64
584,2,wood,3,6
585,31,concrete,32,53
586,12,concrete,8,2
587,27,hard_tiles,27,2
588,14,wood,7,65
589,13,fine_concrete,21,23
590,35,fine_concrete,10,46
591,16,hard_tiles_large_space,29,37
592,22,soft_tiles,12,44
593,18,soft_pvc,18,168
594,16,hard_tiles_large_space,29,18
595,22,soft_tiles,12,6
596,8,tiled,26,69
597,4,soft_tiles,0,70
598,16,hard_tiles_large_space,29,20
599,20,concrete,25,60
600,13,fine_concrete,21,7
601,35,fine_concrete,10,43
602,32,concrete,25,37
603,25,carpet,22,16
604,19,soft_pvc,7,9
605,11,tiled,31,31
606,14,wood,16,1
607,1,tiled,31,67
608,31,concrete,32,50
609,6,soft_pvc,18,31
610,26,soft_pvc,18,158
611,34,soft_pvc,24,14
612,26,soft_pvc,18,133
613,7,carpet,17,35
614,2,wood,3,5
615,22,soft_tiles,12,7
616,33,hard_tiles_large_space,9,8
617,32,concrete,2,7
618,11,tiled,31,55
619,31,concrete,32,39
620,9,soft_tiles,4,6
621,1,tiled,31,77
622,23,wood,1,44
623,20,concrete,25,73
624,24,wood,1,48
625,13,fine_concrete,21,34
626,11,tiled,31,9
627,9,soft_tiles,0,42
628,2,wood,3,17
629,19,soft_pvc,7,34
630,12,concrete,8,50
631,29,soft_pvc,6,41
632,29,soft_pvc,6,50
633,7,carpet,17,32
634,15,soft_tiles,14,0
635,3,soft_pvc,18,79
636,1,tiled,31,86
637,4,soft_tiles,0,53
638,20,concrete,25,79
639,18,soft_pvc,18,208
640,26,soft_pvc,18,160
641,13,fine_concrete,21,13
642,18,soft_pvc,18,191
643,12,concrete,8,11
644,9,soft_tiles,0,28
645,33,hard_tiles_large_space,9,44
646,34,soft_pvc,24,29
647,32,concrete,25,28
648,29,soft_pvc,6,43
649,3,soft_pvc,18,74
650,4,soft_tiles,0,91
651,33,hard_tiles_large_space,9,49
652,8,tiled,26,84
653,12,concrete,8,9
654,32,concrete,25,48
655,35,fine_concrete,10,14
656,28,tiled,26,5
657,34,soft_pvc,24,1
658,16,hard_tiles_large_space,29,3
659,15,soft_tiles,14,26
660,20,concrete,25,58
661,25,carpet,22,43
662,15,soft_tiles,14,22
663,9,soft_tiles,4,12
664,25,carpet,22,31
665,25,carpet,15,2
666,33,hard_tiles_large_space,9,50
667,11,tiled,31,53
668,34,soft_pvc,24,37
669,15,soft_tiles,14,55
670,25,carpet,15,1
671,10,wood,20,12
672,19,soft_pvc,23,6
673,7,carpet,17,38
674,10,wood,19,22
675,35,fine_concrete,10,5
676,19,soft_pvc,7,20
677,22,soft_tiles,12,19
678,26,soft_pvc,18,120
679,32,concrete,25,6
680,32,concrete,25,32
681,8,tiled,26,67
682,21,soft_tiles,28,60
683,3,soft_pvc,18,104
684,6,soft_pvc,18,20
685,26,soft_pvc,18,132
686,20,concrete,25,72
687,34,soft_pvc,24,19
688,28,tiled,26,6
689,11,tiled,31,52
690,35,fine_concrete,10,50
691,21,soft_tiles,28,51
692,11,tiled,31,17
693,3,soft_pvc,18,84
694,12,concrete,8,35
695,10,wood,19,30
696,28,tiled,26,11
697,35,fine_concrete,10,24
698,18,soft_pvc,18,186
699,3,soft_pvc,18,66
700,6,soft_pvc,18,35
701,29,soft_pvc,6,5
702,22,soft_tiles,12,23
703,32,concrete,25,42
704,25,carpet,15,4
705,35,fine_concrete,10,27
706,22,soft_tiles,12,27
707,32,concrete,25,35
708,10,wood,20,7
709,25,carpet,22,36
710,26,soft_pvc,18,119
711,18,soft_pvc,18,200
712,26,soft_pvc,18,116
713,25,carpet,22,38
714,34,soft_pvc,24,39
715,22,soft_tiles,12,26
716,35,fine_concrete,10,28
717,8,tiled,26,47
718,25,carpet,22,23
719,26,soft_pvc,18,138
720,21,soft_tiles,28,21
721,7,carpet,17,28
722,0,concrete,2,4
723,33,hard_tiles_large_space,9,19
724,14,wood,7,54
725,25,carpet,15,0
726,10,wood,19,21
727,14,wood,16,0
728,34,soft_pvc,23,14
729,16,hard_tiles_large_space,29,30
730,32,concrete,25,26
731,4,soft_tiles,0,90
732,23,wood,1,43
733,9,soft_tiles,0,39
734,31,concrete,32,33
735,14,wood,30,4
736,10,wood,19,17
737,35,fine_concrete,10,21
738,18,soft_pvc,18,202
739,31,concrete,32,25
740,4,soft_tiles,0,58
741,35,fine_concrete,10,40
742,15,soft_tiles,14,16
743,10,wood,19,20
744,12,concrete,8,38
745,27,hard_tiles,27,7
746,6,soft_pvc,18,23
747,11,tiled,31,16
748,0,concrete,2,53
749,9,soft_tiles,4,10
750,35,fine_concrete,10,55
751,34,soft_pvc,24,12
752,13,fine_concrete,21,18
753,33,hard_tiles_large_space,9,6
754,23,wood,1,27
755,19,soft_pvc,7,18
756,15,soft_tiles,14,33
757,9,soft_tiles,0,1
758,20,concrete,5,7
759,9,soft_tiles,0,9
760,4,soft_tiles,0,63
761,13,fine_concrete,21,56
762,28,tiled,26,12
763,4,soft_tiles,0,79
764,0,concrete,2,61
765,0,concrete,2,12
766,1,tiled,31,75
767,21,soft_tiles,28,15
768,19,soft_pvc,7,36
769,10,wood,19,9
770,2,wood,3,13
771,20,concrete,11,3
772,0,concrete,2,26
773,4,soft_tiles,0,94
774,10,wood,20,5
775,34,soft_pvc,24,23
776,4,soft_tiles,0,88
777,12,concrete,8,24
778,35,fine_concrete,10,29
779,28,tiled,26,4
780,14,wood,30,9
781,3,soft_pvc,18,64
782,29,soft_pvc,6,49
783,23,wood,1,17
784,19,soft_pvc,7,7
785,16,hard_tiles_large_space,29,13
786,11,tiled,31,42
787,16,hard_tiles_large_space,29,16
788,18,soft_pvc,18,177
789,8,tiled,26,58
790,35,fine_concrete,10,17
791,10,wood,19,4
792,20,concrete,25,61
793,21,soft_tiles,28,24
794,18,soft_pvc,18,203
795,35,fine_concrete,10,30
796,7,carpet,17,0
797,33,hard_tiles_large_space,9,53
798,27,hard_tiles,27,18
799,6,soft_pvc,18,0
800,29,soft_pvc,6,9
801,31,concrete,32,21
802,7,carpet,17,55
803,22,soft_tiles,12,2
804,27,hard_tiles,27,8
805,17,soft_tiles,28,7
806,11,tiled,31,40
807,33,hard_tiles_large_space,9,17
808,18,soft_pvc,18,172
809,29,soft_pvc,6,56
810,31,concrete,32,28
811,11,tiled,31,24
812,14,wood,7,68
813,1,tiled,31,89
814,13,fine_concrete,21,47
815,28,tiled,26,2
816,2,wood,3,8
817,32,concrete,25,43
818,19,soft_pvc,7,1
819,21,soft_tiles,28,64
820,1,tiled,31,64
821,14,wood,7,43
822,22,soft_tiles,12,35
823,13,fine_concrete,21,14
824,25,carpet,22,40
825,3,soft_pvc,18,60
826,27,hard_tiles,27,13
827,3,soft_pvc,18,96
828,32,concrete,25,8
829,23,wood,1,29
830,21,soft_tiles,28,44
831,29,soft_pvc,6,38
832,4,soft_tiles,0,55
833,28,tiled,26,32
834,31,concrete,32,51
835,10,wood,19,0
836,13,fine_concrete,21,25
837,1,tiled,31,69
838,15,soft_tiles,14,35
839,0,concrete,2,28
840,13,fine_concrete,21,46
841,18,soft_pvc,18,164
842,6,soft_pvc,18,7
843,33,hard_tiles_large_space,9,14
844,4,soft_tiles,0,100
845,33,hard_tiles_large_space,9,26
846,0,concrete,2,32
847,8,tiled,26,82
848,2,wood,3,4
849,9,soft_tiles,0,20
850,19,soft_pvc,23,7
851,0,concrete,2,52
852,3,soft_pvc,18,69
853,16,hard_tiles_large_space,29,17
854,20,concrete,5,6
855,29,soft_pvc,6,19
856,8,tiled,26,79
857,14,wood,7,53
858,34,soft_pvc,24,34
859,33,hard_tiles_large_space,9,28
860,26,soft_pvc,18,161
861,12,concrete,8,53
862,12,concrete,8,45
863,7,carpet,17,16
864,22,soft_tiles,12,51
865,32,concrete,25,7
866,13,fine_concrete,21,39
867,14,wood,16,3
868,25,carpet,22,22
869,22,soft_tiles,12,10
870,0,concrete,2,58
871,3,soft_pvc,18,61
872,8,tiled,26,42
873,19,soft_pvc,23,10
874,15,soft_tiles,14,47
875,32,concrete,25,31
876,18,soft_pvc,18,176
877,10,wood,19,32
878,10,wood,19,8
879,6,soft_pvc,18,32
880,16,hard_tiles_large_space,29,5
881,19,soft_pvc,7,22
882,31,concrete,32,9
883,34,soft_pvc,24,28
884,21,soft_tiles,28,26
885,32,concrete,25,20
886,33,hard_tiles_large_space,9,36
887,22,soft_tiles,12,49
888,9,soft_tiles,0,33
889,25,carpet,22,24
890,8,tiled,26,41
891,34,soft_pvc,24,11
892,22,soft_tiles,12,31
893,12,concrete,8,44
894,21,soft_tiles,28,55
895,1,tiled,31,65
896,34,soft_pvc,23,26
897,31,concrete,32,40
898,23,wood,1,25
899,33,hard_tiles_large_space,9,2
900,33,hard_tiles_large_space,9,46
901,8,tiled,26,63
902,0,concrete,2,13
903,23,wood,30,26
904,18,soft_pvc,18,212
905,34,soft_pvc,23,20
906,10,wood,19,13
907,1,tiled,31,60
908,20,concrete,11,6
909,26,soft_pvc,18,123
910,4,soft_tiles,0,82
911,10,wood,20,0
912,15,soft_tiles,14,42
913,22,soft_tiles,12,14
914,34,soft_pvc,24,8
915,7,carpet,17,53
916,6,soft_pvc,18,18
917,33,hard_tiles_large_space,9,38
918,7,carpet,17,1
919,28,tiled,26,24
920,17,soft_tiles,28,2
921,20,concrete,25,54
922,6,soft_pvc,18,42
923,0,concrete,2,59
924,31,concrete,32,46
925,19,soft_pvc,7,37
926,32,concrete,25,1
927,10,wood,20,13
928,11,tiled,31,10
929,23,wood,1,5
930,35,fine_concrete,10,13
931,29,soft_pvc,6,10
932,6,soft_pvc,18,43
933,0,concrete,2,63
934,13,fine_concrete,21,12
935,7,carpet,17,2
936,15,soft_tiles,14,44
937,20,concrete,5,8
938,32,concrete,25,27
939,18,soft_pvc,18,162
940,21,soft_tiles,28,47
941,34,soft_pvc,24,4
942,8,tiled,26,48
943,4,soft_tiles,0,56
944,11,tiled,31,19
945,32,concrete,2,6
946,13,fine_concrete,21,15
947,6,soft_pvc,18,21
948,19,soft_pvc,7,25
949,25,carpet,22,35
950,26,soft_pvc,18,141
951,19,soft_pvc,7,13
952,19,soft_pvc,7,26
953,6,soft_pvc,18,39
954,25,carpet,22,21
955,18,soft_pvc,18,174
956,10,wood,20,19
957,14,wood,7,49
958,13,fine_concrete,21,2
959,29,soft_pvc,6,18
960,18,soft_pvc,18,184
961,8,tiled,26,87
962,19,soft_pvc,23,12
963,29,soft_pvc,6,26
964,26,soft_pvc,18,113
965,23,wood,1,2
966,29,soft_pvc,6,54
967,31,concrete,32,41
968,31,concrete,32,16
969,7,carpet,17,49
970,26,soft_pvc,18,139
971,8,tiled,26,76
972,5,concrete,13,6
973,3,soft_pvc,18,102
974,14,wood,7,44
975,23,wood,1,26
976,4,soft_tiles,0,52
977,31,concrete,32,31
978,15,soft_tiles,14,20
979,25,carpet,22,6
980,3,soft_pvc,18,103
981,10,wood,20,8
982,14,wood,30,18
983,26,soft_pvc,18,127
984,8,tiled,26,68
985,35,fine_concrete,10,37
986,19,soft_pvc,7,17
987,32,concrete,25,41
988,32,concrete,25,10
989,9,soft_tiles,0,12
990,18,soft_pvc,18,218
991,25,carpet,22,2
992,26,soft_pvc,18,148
993,35,fine_concrete,10,52
994,14,wood,7,63
995,11,tiled,31,50
996,13,fine_concrete,21,26
997,9,soft_tiles,0,18
998,8,tiled,26,83
999,15,soft_tiles,14,3
1000,28,tiled,26,1
1001,16,hard_tiles_large_space,29,7
1002,15,soft_tiles,14,51
1003,32,concrete,25,22
1004,8,tiled,26,46
1005,35,fine_concrete,10,53
1006,32,concrete,25,11
1007,0,concrete,2,40
1008,13,fine_concrete,21,40
1009,21,soft_tiles,28,59
1010,31,concrete,32,5
1011,7,carpet,17,26
1012,16,hard_tiles_large_space,29,14
1013,10,wood,20,14
1014,35,fine_concrete,10,1
1015,9,soft_tiles,0,22
1016,20,concrete,25,77
1017,14,wood,7,57
1018,12,concrete,8,15
1019,25,carpet,22,13
1020,6,soft_pvc,18,4
1021,29,soft_pvc,6,17
1022,9,soft_tiles,0,14
1023,31,concrete,32,30
1024,29,soft_pvc,6,1
1025,20,concrete,25,53
1026,11,tiled,31,11
1027,23,wood,1,21
1028,4,soft_tiles,0,59
1029,18,soft_pvc,18,201
1030,20,concrete,25,64
1031,10,wood,19,25
1032,14,wood,7,62
1033,17,soft_tiles,28,1
1034,8,tiled,26,38
1035,6,soft_pvc,18,6
1036,19,soft_pvc,7,31
1037,33,hard_tiles_large_space,9,10
1038,6,soft_pvc,18,3
1039,29,soft_pvc,6,30
1040,20,concrete,25,62
1041,0,concrete,2,15
1042,29,soft_pvc,6,28
1043,23,wood,1,28
1044,33,hard_tiles_large_space,9,3
1045,13,fine_concrete,21,0
1046,14,wood,7,51
1047,0,concrete,2,22
1048,16,hard_tiles_large_space,29,12
1049,5,concrete,13,1
1050,13,fine_concrete,21,19
1051,15,soft_tiles,14,30
1052,13,fine_concrete,21,8
1053,10,wood,19,18
1054,6,soft_pvc,18,19
1055,7,carpet,17,3
1056,33,hard_tiles_large_space,9,42
1057,7,carpet,17,42
1058,16,hard_tiles_large_space,29,26
1059,11,tiled,31,21
1060,18,soft_pvc,18,199
1061,12,concrete,8,47
1062,3,soft_pvc,18,85
1063,21,soft_tiles,28,57
1064,33,hard_tiles_large_space,9,48
1065,28,tiled,26,34
1066,19,soft_pvc,7,42
1067,14,wood,30,10
1068,7,carpet,17,12
1069,18,soft_pvc,18,181
1070,32,concrete,2,11
1071,22,soft_tiles,12,30
1072,5,concrete,13,4
1073,29,soft_pvc,6,7
1074,20,concrete,11,1
1075,12,concrete,8,16
1076,32,concrete,25,45
1077,34,soft_pvc,24,2
1078,3,soft_pvc,18,52
1079,12,concrete,8,32
1080,18,soft_pvc,18,207
1081,19,soft_pvc,7,8
1082,2,wood,3,10
1083,12,concrete,8,34
1084,9,soft_tiles,0,7
1085,3,soft_pvc,18,56
1086,25,carpet,22,9
1087,26,soft_pvc,18,129
1088,25,carpet,22,25
1089,16,hard_tiles_large_space,29,39
1090,0,concrete,2,54
1091,7,carpet,17,29
1092,14,wood,7,56
1093,8,tiled,26,78
1094,25,carpet,22,0
1095,21,soft_tiles,28,12
1096,8,tiled,26,50
1097,32,concrete,25,34
1098,12,concrete,8,12
1099,10,wood,19,1
1100,28,tiled,26,27
1101,34,soft_pvc,24,10
1102,34,soft_pvc,24,32
1103,22,soft_tiles,12,13
1104,18,soft_pvc,18,216
1105,10,wood,20,1
1106,15,soft_tiles,14,8
1107,23,wood,1,30
1108,28,tiled,26,14
1109,19,soft_pvc,23,1
1110,15,soft_tiles,14,31
1111,18,soft_pvc,18,190
1112,25,carpet,22,10
1113,20,concrete,25,71
1114,14,wood,30,21
1115,1,tiled,31,84
1116,31,concrete,32,23
1117,10,wood,20,16
1118,35,fine_concrete,10,39
1119,25,carpet,22,14
1120,4,soft_tiles,0,93
1121,7,carpet,17,48
1122,23,wood,1,38
1123,13,fine_concrete,21,43
1124,32,concrete,25,47
1125,27,hard_tiles,27,20
1126,22,soft_tiles,12,39
1127,1,tiled,31,91
1128,9,soft_tiles,0,31
1129,31,concrete,32,1
1130,18,soft_pvc,18,170
1131,1,tiled,31,81
1132,26,soft_pvc,18,159
1133,28,tiled,26,31
1134,31,concrete,32,20
1135,19,soft_pvc,23,9
1136,21,soft_tiles,28,25
1137,31,concrete,32,12
1138,16,hard_tiles_large_space,29,24
1139,31,concrete,32,2
1140,3,soft_pvc,18,80
1141,12,concrete,8,55
1142,3,soft_pvc,18,98
1143,3,soft_pvc,18,99
1144,15,soft_tiles,14,9
1145,18,soft_pvc,18,182
1146,4,soft_tiles,0,67
1147,4,soft_tiles,0,85
1148,26,soft_pvc,18,108
1149,1,tiled,31,87
1150,25,carpet,22,18
1151,8,tiled,26,56
1152,11,tiled,31,30
1153,7,carpet,17,33
1154,7,carpet,17,10
1155,25,carpet,22,27
1156,31,concrete,32,10
1157,1,tiled,31,83
1158,25,carpet,15,5
1159,6,soft_pvc,18,38
1160,23,wood,30,27
1161,1,tiled,31,66
1162,0,concrete,2,21
1163,8,tiled,26,60
1164,0,concrete,2,39
1165,25,carpet,22,42
1166,13,fine_concrete,21,27
1167,8,tiled,26,37
1168,19,soft_pvc,7,21
1169,11,tiled,31,27
1170,26,soft_pvc,18,122
1171,0,concrete,2,48
1172,4,soft_tiles,0,51
1173,8,tiled,26,90
1174,13,fine_concrete,21,22
1175,19,soft_pvc,23,0
1176,15,soft_tiles,14,17
1177,14,wood,7,67
1178,33,hard_tiles_large_space,9,56
1179,22,soft_tiles,12,56
1180,18,soft_pvc,18,205
1181,1,tiled,31,85
1182,9,soft_tiles,0,30
1183,15,soft_tiles,14,18
1184,6,soft_pvc,18,2
1185,32,concrete,25,17
1186,8,tiled,26,53
1187,25,carpet,22,7
1188,20,concrete,11,7
1189,23,wood,1,13
1190,28,tiled,26,19
1191,14,wood,30,2
1192,0,concrete,2,19
1193,27,hard_tiles,27,16
1194,22,soft_tiles,12,28
1195,23,wood,1,10
1196,3,soft_pvc,18,53
1197,22,soft_tiles,12,53
1198,22,soft_tiles,12,4
1199,8,tiled,26,62
1200,15,soft_tiles,14,13
1201,6,soft_pvc,18,47
1202,32,concrete,25,33
1203,10,wood,19,28
1204,34,soft_pvc,24,27
1205,34,soft_pvc,24,0
1206,8,tiled,26,36
1207,15,soft_tiles,14,6
1208,8,tiled,26,71
1209,6,soft_pvc,18,12
1210,20,concrete,25,65
1211,20,concrete,11,2
1212,14,wood,7,59
1213,32,concrete,25,0
1214,12,concrete,8,39
1215,3,soft_pvc,18,48
1216,12,concrete,8,26
1217,22,soft_tiles,12,36
1218,0,concrete,2,51
1219,22,soft_tiles,12,42
1220,29,soft_pvc,6,16
1221,32,concrete,25,25
1222,31,concrete,32,6
1223,16,hard_tiles_large_space,29,6
1224,21,soft_tiles,28,56
1225,22,soft_tiles,12,29
1226,15,soft_tiles,14,37
1227,26,soft_pvc,18,131
1228,23,wood,1,16
1229,19,soft_pvc,23,5
1230,8,tiled,26,70
1231,13,fine_concrete,21,38
1232,15,soft_tiles,14,2
1233,25,carpet,22,12
1234,11,tiled,31,43
1235,34,soft_pvc,23,19
1236,16,hard_tiles_large_space,29,1
1237,7,carpet,17,5
1238,31,concrete,32,52
1239,7,carpet,17,24
1240,18,soft_pvc,18,192
1241,14,wood,30,20
1242,15,soft_tiles,14,39
1243,15,soft_tiles,14,40
1244,31,concrete,32,7
1245,9,soft_tiles,4,11
1246,32,concrete,2,9
1247,34,soft_pvc,23,22
1248,26,soft_pvc,18,109
1249,0,concrete,2,14
1250,13,fine_concrete,21,3
1251,29,soft_pvc,6,45
1252,3,soft_pvc,18,88
1253,14,wood,7,70
1254,11,tiled,31,8
1255,22,soft_tiles,12,45
1256,22,soft_tiles,12,54
1257,28,tiled,26,0
1258,0,concrete,2,2
1259,7,carpet,17,4
1260,26,soft_pvc,18,157
1261,23,wood,30,29
1262,12,concrete,8,22
1263,22,soft_tiles,12,16
1264,0,concrete,2,23
1265,0,concrete,2,41
1266,0,concrete,2,34
1267,18,soft_pvc,18,206
1268,4,soft_tiles,0,87
1269,18,soft_pvc,18,178
1270,21,soft_tiles,28,38
1271,28,tiled,26,13
1272,8,tiled,26,57
1273,23,wood,1,23
1274,35,fine_concrete,10,11
1275,11,tiled,31,39
1276,18,soft_pvc,18,169
1277,27,hard_tiles,27,0
1278,23,wood,1,20
1279,0,concrete,2,43
1280,26,soft_pvc,18,111
1281,21,soft_tiles,28,61
1282,31,concrete,32,4
1283,7,carpet,17,8
1284,2,wood,3,14
1285,22,soft_tiles,12,17
1286,29,soft_pvc,6,52
1287,34,soft_pvc,24,9
1288,25,carpet,22,26
1289,33,hard_tiles_large_space,9,22
1290,34,soft_pvc,24,40
1291,28,tiled,26,15
1292,12,concrete,8,31
1293,16,hard_tiles_large_space,29,33
1294,6,soft_pvc,18,15
1295,33,hard_tiles_large_space,9,4
1296,10,wood,20,4
1297,25,carpet,22,8
1298,1,tiled,31,79
1299,7,carpet,17,47
1300,14,wood,7,58
1301,2,wood,3,16
1302,17,soft_tiles,28,0
1303,26,soft_pvc,18,137
1304,16,hard_tiles_large_space,29,19
1305,23,wood,1,15
1306,3,soft_pvc,18,71
1307,19,soft_pvc,23,4
1308,21,soft_tiles,28,20
1309,34,soft_pvc,24,3
1310,12,concrete,8,54
1311,3,soft_pvc,18,95
1312,34,soft_pvc,23,23
1313,35,fine_concrete,10,33
1314,4,soft_tiles,0,99
1315,31,concrete,32,19
1316,21,soft_tiles,28,23
1317,31,concrete,32,24
1318,35,fine_concrete,10,12
1319,3,soft_pvc,18,62
1320,12,concrete,8,41
1321,31,concrete,32,3
1322,19,soft_pvc,7,30
1323,15,soft_tiles,14,1
1324,21,soft_tiles,28,33
1325,18,soft_pvc,18,167
1326,11,tiled,31,13
1327,4,soft_tiles,0,66
1328,0,concrete,2,16
1329,18,soft_pvc,18,187
1330,20,concrete,11,4
1331,9,soft_tiles,4,5
1332,19,soft_pvc,7,23
1333,14,wood,7,69
1334,31,concrete,32,13
1335,15,soft_tiles,14,36
1336,33,hard_tiles_large_space,9,12
1337,4,soft_tiles,0,71
1338,35,fine_concrete,10,31
1339,26,soft_pvc,18,105
1340,14,wood,30,17
1341,8,tiled,26,80
1342,4,soft_tiles,0,74
1343,33,hard_tiles_large_space,9,43
1344,29,soft_pvc,6,46
1345,12,concrete,8,36
1346,25,carpet,15,3
1347,2,wood,3,11
1348,16,hard_tiles_large_space,29,0
1349,11,tiled,31,49
1350,6,soft_pvc,18,10
1351,18,soft_pvc,18,185
1352,26,soft_pvc,18,125
1353,33,hard_tiles_large_space,9,34
1354,7,carpet,17,19
1355,34,soft_pvc,24,24
1356,32,concrete,25,29
1357,9,soft_tiles,0,27
1358,10,wood,19,23
1359,18,soft_pvc,18,210
1360,8,tiled,26,86
1361,10,wood,20,6
1362,4,soft_tiles,0,64
1363,14,wood,30,0
1364,25,carpet,22,5
1365,12,concrete,8,56
1366,19,soft_pvc,7,4
1367,7,carpet,17,22
1368,33,hard_tiles_large_space,9,18
1369,15,soft_tiles,14,28
1370,28,tiled,26,26
1371,8,tiled,26,73
1372,12,concrete,8,40
1373,15,soft_tiles,14,54
1374,20,concrete,25,55
1375,4,soft_tiles,0,89
1376,21,soft_tiles,28,39
1377,11,tiled,31,0
1378,9,soft_tiles,0,16
1379,7,carpet,17,44
1380,15,soft_tiles,14,48
1381,1,tiled,31,92
1382,23,wood,1,3
1383,23,wood,30,31
1384,28,tiled,26,9
1385,31,concrete,32,29
1386,18,soft_pvc,18,194
1387,29,soft_pvc,6,29
1388,21,soft_tiles,28,34
1389,29,soft_pvc,6,36
1390,33,hard_tiles_large_space,9,16
1391,13,fine_concrete,21,9
1392,20,concrete,25,85
1393,7,carpet,17,39
1394,5,concrete,13,7
1395,13,fine_concrete,21,37
1396,4,soft_tiles,0,57
1397,7,carpet,17,11
1398,23,wood,1,18
1399,27,hard_tiles,27,4
1400,16,hard_tiles_large_space,29,40
1401,22,soft_tiles,12,37
1402,5,concrete,13,2
1403,33,hard_tiles_large_space,9,35
1404,34,soft_pvc,24,20
1405,16,hard_tiles_large_space,29,8
1406,21,soft_tiles,28,54
1407,12,concrete,8,14
1408,26,soft_pvc,18,124
1409,21,soft_tiles,28,49
1410,8,tiled,26,45
1411,10,wood,19,34
1412,17,soft_tiles,28,9
1413,8,tiled,26,59
1414,34,soft_pvc,24,22
1415,12,concrete,8,6
1416,11,tiled,31,26
1417,6,soft_pvc,18,17
1418,20,concrete,25,75
1419,19,soft_pvc,23,8
1420,0,concrete,2,37
1421,7,carpet,17,13
1422,31,concrete,32,43
1423,6,soft_pvc,18,24
1424,32,concrete,25,4
1425,3,soft_pvc,18,87
1426,0,concrete,2,50
1427,7,carpet,17,45
1428,30,fine_concrete,21,59
1429,11,tiled,31,6
1430,15,soft_tiles,14,32
1431,7,carpet,17,51
1432,8,tiled,26,52
1433,33,hard_tiles_large_space,9,21
1434,29,soft_pvc,6,39
1435,18,soft_pvc,18,209
1436,0,concrete,2,55
1437,18,soft_pvc,18,175
1438,34,soft_pvc,24,5
1439,15,soft_tiles,14,41
1440,23,wood,1,40
1441,13,fine_concrete,21,24
1442,33,hard_tiles_large_space,9,55
1443,28,tiled,26,8
1444,29,soft_pvc,6,15
1445,29,soft_pvc,6,47
1446,34,soft_pvc,24,25
1447,16,hard_tiles_large_space,29,41
1448,6,soft_pvc,18,34
1449,26,soft_pvc,18,145
1450,3,soft_pvc,18,51
1451,19,soft_pvc,7,5
1452,10,wood,20,9
1453,0,concrete,2,42
1454,27,hard_tiles,27,17
1455,27,hard_tiles,27,10
1456,10,wood,20,11
1457,12,concrete,8,49
1458,8,tiled,26,54
1459,20,concrete,25,83
1460,20,concrete,25,80
1461,21,soft_tiles,28,17
1462,7,carpet,17,46
1463,3,soft_pvc,18,54
1464,23,wood,1,39
1465,35,fine_concrete,10,18
1466,15,soft_tiles,14,24
1467,34,soft_pvc,24,21
1468,21,soft_tiles,28,28
1469,23,wood,1,35
1470,8,tiled,26,49
1471,32,concrete,25,23
1472,19,soft_pvc,23,11
1473,20,concrete,25,68
1474,9,soft_tiles,0,8
1475,11,tiled,31,15
1476,6,soft_pvc,18,36
1477,19,soft_pvc,7,12
1478,3,soft_pvc,18,93
1479,0,concrete,2,27
1480,26,soft_pvc,18,143
1481,14,wood,7,50
1482,14,wood,30,5
1483,12,concrete,8,18
1484,3,soft_pvc,18,72
1485,13,fine_concrete,21,16
1486,31,concrete,32,27
1487,9,soft_tiles,0,41
1488,6,soft_pvc,18,44
1489,29,soft_pvc,6,21
1490,22,soft_tiles,12,3
1491,4,soft_tiles,0,75
1492,29,soft_pvc,6,25
1493,34,soft_pvc,24,42
1494,6,soft_pvc,18,9
1495,6,soft_pvc,18,29
1496,13,fine_concrete,21,30
1497,9,soft_tiles,0,32
1498,22,soft_tiles,12,11
1499,23,wood,1,24
1500,21,soft_tiles,28,13
1501,14,wood,7,64
1502,14,wood,30,11
1503,9,soft_tiles,0,40
1504,3,soft_pvc,18,100
1505,7,carpet,17,52
1506,35,fine_concrete,10,3
1507,35,fine_concrete,10,23
1508,14,wood,30,16
1509,7,carpet,17,9
1510,32,concrete,25,21
1511,11,tiled,31,46
1512,18,soft_pvc,18,171
1513,29,soft_pvc,6,40
1514,11,tiled,31,45
1515,26,soft_pvc,18,153
1516,6,soft_pvc,18,11
1517,4,soft_tiles,0,98
1518,0,concrete,2,3
1519,12,concrete,8,46
1520,28,tiled,26,18
1521,21,soft_tiles,28,18
1522,13,fine_concrete,21,21
1523,35,fine_concrete,10,15
1524,0,concrete,2,44
1525,11,tiled,31,54
1526,28,tiled,26,16
1527,8,tiled,26,65
1528,33,hard_tiles_large_space,9,31
1529,9,soft_tiles,4,4
1530,4,soft_tiles,0,69
1531,11,tiled,31,12
1532,22,soft_tiles,12,33
1533,13,fine_concrete,21,53
1534,8,tiled,26,91
1535,32,concrete,25,14
1536,21,soft_tiles,28,42
1537,13,fine_concrete,21,50
1538,15,soft_tiles,14,43
1539,10,wood,19,27
1540,32,concrete,25,40
1541,3,soft_pvc,18,78
1542,20,concrete,25,70
1543,3,soft_pvc,18,81
1544,19,soft_pvc,7,27
1545,3,soft_pvc,18,82
1546,18,soft_pvc,18,165
1547,22,soft_tiles,12,34
1548,14,wood,7,46
1549,4,soft_tiles,0,72
1550,13,fine_concrete,21,45
1551,9,soft_tiles,0,37
1552,34,soft_pvc,23,21
1553,22,soft_tiles,12,43
1554,18,soft_pvc,18,173
1555,33,hard_tiles_large_space,9,7
1556,8,tiled,26,89
1557,26,soft_pvc,18,114
1558,29,soft_pvc,6,48
1559,26,soft_pvc,18,142
1560,35,fine_concrete,10,16
1561,19,soft_pvc,7,16
1562,29,soft_pvc,6,2
1563,3,soft_pvc,18,73
1564,1,tiled,31,78
1565,15,soft_tiles,14,46
1566,13,fine_concrete,21,6
1567,28,tiled,26,28
1568,21,soft_tiles,28,63
1569,3,soft_pvc,18,57
1570,19,soft_pvc,7,35
1571,0,concrete,2,24
1572,32,concrete,25,30
1573,23,wood,1,12
1574,25,carpet,22,20
1575,31,concrete,32,36
1576,14,wood,30,22
1577,29,soft_pvc,6,37
1578,31,concrete,32,8
1579,16,hard_tiles_large_space,29,25
1580,13,fine_concrete,21,42
1581,8,tiled,26,61
1582,9,soft_tiles,0,35
1583,25,carpet,22,15
1584,20,concrete,5,10
1585,21,soft_tiles,28,37
1586,16,hard_tiles_large_space,29,38
1587,18,soft_pvc,18,211
1588,21,soft_tiles,28,41
1589,22,soft_tiles,12,40
1590,0,concrete,2,38
1591,7,carpet,17,21
1592,15,soft_tiles,14,10
1593,29,soft_pvc,6,34
1594,7,carpet,17,15
1595,10,wood,19,7
1596,20,concrete,25,82
1597,1,tiled,31,63
1598,18,soft_pvc,18,204
1599,35,fine_concrete,10,56
1600,33,hard_tiles_large_space,9,41
1601,4,soft_tiles,0,50
1602,26,soft_pvc,18,144
1603,31,concrete,32,34
1604,11,tiled,31,48
1605,18,soft_pvc,18,198
1606,23,wood,1,34
1607,20,concrete,25,78
1608,13,fine_concrete,21,41
1609,16,hard_tiles_large_space,29,35
1610,27,hard_tiles,27,19
1611,21,soft_tiles,28,66
1612,28,tiled,26,17
1613,19,soft_pvc,7,24
1614,33,hard_tiles_large_space,9,51
1615,10,wood,20,18
1616,8,tiled,26,74
1617,18,soft_pvc,18,215
1618,32,concrete,25,18
1619,22,soft_tiles,12,12
1620,31,concrete,32,22
1621,24,wood,1,50
1622,4,soft_tiles,0,44
1623,25,carpet,22,1
1624,9,soft_tiles,0,29
1625,13,fine_concrete,21,33
1626,34,soft_pvc,24,38
1627,4,soft_tiles,0,60
1628,25,carpet,22,41
1629,25,carpet,22,19
1630,32,concrete,25,15
1631,11,tiled,31,14
1632,11,tiled,31,29
1633,0,concrete,2,62
1634,23,wood,1,46
1635,2,wood,3,9
1636,14,wood,30,12
1637,3,soft_pvc,18,90
1638,31,concrete,32,35
1639,29,soft_pvc,6,24
1640,17,soft_tiles,28,3
1641,26,soft_pvc,18,117
1642,33,hard_tiles_large_space,9,23
1643,9,soft_tiles,0,5
1644,24,wood,1,49
1645,0,concrete,2,60
1646,11,tiled,31,36
1647,29,soft_pvc,6,20
1648,11,tiled,31,38
1649,33,hard_tiles_large_space,9,40
1650,14,wood,7,52
1651,21,soft_tiles,28,53
1652,11,tiled,31,1
1653,15,soft_tiles,14,52
1654,7,carpet,17,36
1655,23,wood,1,45
1656,35,fine_concrete,10,6
1657,33,hard_tiles_large_space,9,20
1658,6,soft_pvc,18,22
1659,0,concrete,2,25
1660,14,wood,30,6
1661,20,concrete,25,87
1662,35,fine_concrete,10,36
1663,32,concrete,25,44
1664,12,concrete,8,10
1665,3,soft_pvc,18,91
1666,18,soft_pvc,18,163
1667,32,concrete,2,8
1668,31,concrete,32,0
1669,7,carpet,17,20
1670,13,fine_concrete,21,32
1671,27,hard_tiles,27,14
1672,8,tiled,26,51
1673,34,soft_pvc,24,35
1674,23,wood,1,37
1675,4,soft_tiles,0,95
1676,4,soft_tiles,0,81
1677,4,soft_tiles,0,97
1678,14,wood,16,4
1679,24,wood,1,51
1680,9,soft_tiles,0,2
1681,15,soft_tiles,14,45
1682,4,soft_tiles,0,68
1683,22,soft_tiles,12,9
1684,23,wood,30,28
1685,12,concrete,8,19
1686,12,concrete,8,25
1687,19,soft_pvc,7,39
1688,26,soft_pvc,18,151
1689,23,wood,30,23
1690,35,fine_concrete,10,45
1691,12,concrete,8,52
1692,14,wood,30,14
1693,10,wood,19,11
1694,35,fine_concrete,10,41
1695,21,soft_tiles,28,16
1696,22,soft_tiles,12,50
1697,12,concrete,8,28
1698,3,soft_pvc,18,83
1699,16,hard_tiles_large_space,29,42
1700,22,soft_tiles,12,20
1701,25,carpet,22,17
1702,8,tiled,26,39
1703,69,soft_pvc,69,91
1704,70,soft_pvc,75,68
1705,71,tiled,43,6
1706,70,soft_pvc,75,30
1707,60,carpet,64,15
1708,62,concrete,58,4
1709,60,carpet,64,40
1710,59,hard_tiles_large_space,63,9
1711,45,wood,47,7
1712,69,soft_pvc,69,73
1713,56,soft_pvc,69,113
1714,41,concrete,45,56
1715,53,soft_pvc,49,28
1716,56,soft_pvc,69,106
1717,40,hard_tiles_large_space,59,46
1718,68,fine_concrete,65,67
1719,49,wood,57,15
1720,46,wood,41,34
1721,42,concrete,60,41
1722,38,wood,41,89
1723,61,concrete,44,71
1724,71,tiled,56,36
1725,61,concrete,44,17
1726,43,wood,40,29
1727,68,fine_concrete,65,105
1728,51,soft_pvc,73,48
1729,44,hard_tiles_large_space,59,1
1730,55,tiled,46,50
1731,65,wood,68,38
1732,37,soft_pvc,69,27
1733,40,hard_tiles_large_space,59,73
1734,71,tiled,53,9
1735,38,wood,41,96
1736,57,concrete,33,0
1737,46,wood,72,3
1738,60,carpet,38,9
1739,41,concrete,45,41
1740,45,wood,66,5
1741,54,tiled,54,121
1742,42,concrete,60,60
1743,44,hard_tiles_large_space,48,24
1744,61,concrete,44,75
1745,68,fine_concrete,65,69
1746,69,soft_pvc,69,95
1747,65,wood,62,10
1748,43,wood,61,14
1749,53,soft_pvc,49,27
1750,72,fine_concrete,50,49
1751,59,hard_tiles_large_space,51,3
1752,64,tiled,54,3
1753,44,hard_tiles_large_space,48,11
1754,60,carpet,38,20
1755,44,hard_tiles_large_space,59,6
1756,66,tiled,35,41
1757,36,fine_concrete,34,26
1758,45,wood,47,15
1759,45,wood,66,27
1760,72,fine_concrete,50,34
1761,62,concrete,44,80
1762,40,hard_tiles_large_space,59,37
1763,72,fine_concrete,50,30
1764,38,wood,41,98
1765,57,concrete,33,34
1766,69,soft_pvc,69,100
1767,46,wood,41,53
1768,72,fine_concrete,50,17
1769,60,carpet,38,19
1770,53,soft_pvc,49,32
1771,37,soft_pvc,69,12
1772,48,fine_concrete,65,51
1773,57,concrete,33,18
1774,38,wood,41,59
1775,62,concrete,58,23
1776,38,wood,41,119
1777,51,soft_pvc,73,6
1778,49,wood,57,20
1779,40,hard_tiles_large_space,59,41
1780,41,concrete,45,40
1781,62,concrete,58,42
1782,54,tiled,54,55
1783,68,fine_concrete,65,110
1784,59,hard_tiles_large_space,63,5
1785,65,wood,68,32
1786,70,soft_pvc,75,60
1787,43,wood,40,24
1788,36,fine_concrete,34,28
1789,48,fine_concrete,65,30
1790,47,concrete,39,49
1791,51,soft_pvc,73,5
1792,53,soft_pvc,49,12
1793,71,tiled,56,34
1794,41,concrete,45,10
1795,52,carpet,37,5
1796,54,tiled,54,65
1797,60,carpet,64,2
1798,60,carpet,64,35
1799,64,tiled,54,13
1800,45,wood,47,12
1801,57,concrete,33,17
1802,54,tiled,54,101
1803,38,wood,41,106
1804,36,fine_concrete,34,0
1805,70,soft_pvc,75,21
1806,45,wood,66,17
1807,43,wood,40,18
1808,71,tiled,56,43
1809,55,tiled,46,13
1810,66,tiled,35,34
1811,43,wood,61,22
1812,37,soft_pvc,69,16
1813,66,tiled,35,13
1814,61,concrete,44,27
1815,57,concrete,33,40
1816,41,concrete,45,46
1817,72,fine_concrete,50,48
1818,54,tiled,54,95
1819,48,fine_concrete,65,14
1820,60,carpet,64,18
1821,53,soft_pvc,49,34
1822,62,concrete,58,16
1823,42,concrete,60,28
1824,49,wood,57,11
1825,40,hard_tiles_large_space,59,29
1826,68,fine_concrete,65,84
1827,51,soft_pvc,73,41
1828,51,soft_pvc,73,12
1829,44,hard_tiles_large_space,48,36
1830,53,soft_pvc,49,36
1831,62,concrete,44,81
1832,53,soft_pvc,49,31
1833,54,tiled,54,77
1834,60,carpet,64,27
1835,43,wood,40,50
1836,69,soft_pvc,69,64
1837,42,concrete,60,68
1838,53,soft_pvc,49,19
1839,55,tiled,46,9
1840,49,wood,57,39
1841,45,wood,66,11
1842,54,tiled,54,60
1843,69,soft_pvc,69,102
1844,55,tiled,46,45
1845,61,concrete,44,51
1846,40,hard_tiles_large_space,59,79
1847,37,soft_pvc,69,6
1848,39,concrete,45,71
1849,40,hard_tiles_large_space,59,43
1850,69,soft_pvc,69,58
1851,42,concrete,60,48
1852,45,wood,47,17
1853,48,fine_concrete,65,63
1854,65,wood,68,20
1855,66,tiled,35,0
1856,39,concrete,59,140
1857,64,tiled,54,26
1858,59,hard_tiles_large_space,63,6
1859,48,fine_concrete,65,33
1860,47,concrete,39,69
1861,40,hard_tiles_large_space,59,61
1862,41,concrete,45,67
1863,41,concrete,45,58
1864,46,wood,41,48
1865,52,carpet,37,8
1866,44,hard_tiles_large_space,59,13
1867,60,carpet,38,1
1868,41,concrete,45,33
1869,44,hard_tiles_large_space,48,23
1870,51,soft_pvc,73,40
1871,47,concrete,39,57
1872,70,soft_pvc,75,46
1873,66,tiled,35,49
1874,39,concrete,59,90
1875,64,tiled,54,51
1876,52,carpet,37,9
1877,54,tiled,54,99
1878,40,hard_tiles_large_space,36,0
1879,59,hard_tiles_large_space,51,14
1880,62,concrete,58,31
1881,58,soft_pvc,49,76
1882,53,soft_pvc,49,52
1883,44,hard_tiles_large_space,48,47
1884,51,soft_pvc,73,2
1885,38,wood,41,75
1886,61,concrete,44,72
1887,61,concrete,44,15
1888,66,tiled,35,7
1889,61,concrete,44,70
1890,45,wood,66,26
1891,72,fine_concrete,50,50
1892,48,fine_concrete,65,32
1893,69,soft_pvc,69,93
1894,70,soft_pvc,75,8
1895,41,concrete,45,66
1896,60,carpet,64,28
1897,39,concrete,59,135
1898,40,hard_tiles_large_space,59,75
1899,38,wood,41,80
1900,60,carpet,38,21
1901,66,tiled,35,3
1902,46,wood,41,51
1903,54,tiled,54,59
1904,72,fine_concrete,50,1
1905,68,fine_concrete,65,89
1906,68,fine_concrete,65,88
1907,36,fine_concrete,34,2
1908,59,hard_tiles_large_space,63,7
1909,43,wood,61,26
1910,70,soft_pvc,75,14
1911,43,wood,61,12
1912,54,tiled,54,87
1913,52,carpet,37,0
1914,62,concrete,44,90
1915,60,carpet,64,16
1916,54,tiled,54,91
1917,44,hard_tiles_large_space,48,28
1918,60,carpet,64,4
1919,57,concrete,33,21
1920,60,carpet,38,0
1921,69,soft_pvc,69,44
1922,65,wood,68,30
1923,36,fine_concrete,34,31
1924,44,hard_tiles_large_space,48,44
1925,68,fine_concrete,65,87
1926,55,tiled,46,26
1927,48,fine_concrete,65,13
1928,57,concrete,33,35
1929,46,wood,41,41
1930,60,carpet,38,13
1931,72,fine_concrete,50,13
1932,56,soft_pvc,69,109
1933,66,tiled,35,51
1934,50,concrete,44,6
1935,56,soft_pvc,69,119
1936,60,carpet,64,8
1937,68,fine_concrete,65,125
1938,62,concrete,44,86
1939,59,hard_tiles_large_space,51,4
1940,47,concrete,39,3
1941,55,tiled,46,18
1942,46,wood,41,13
1943,43,wood,61,33
1944,60,carpet,64,9
1945,72,fine_concrete,50,4
1946,69,soft_pvc,69,60
1947,55,tiled,56,1
1948,46,wood,41,29
1949,51,soft_pvc,73,10
1950,72,fine_concrete,50,25
1951,49,wood,57,43
1952,71,tiled,53,2
1953,57,concrete,33,12
1954,49,wood,57,4
1955,47,concrete,39,45
1956,51,soft_pvc,73,15
1957,63,concrete,52,17
1958,44,hard_tiles_large_space,48,26
1959,72,fine_concrete,50,51
1960,42,concrete,60,54
1961,55,tiled,46,12
1962,59,hard_tiles_large_space,63,18
1963,39,concrete,45,72
1964,43,wood,61,11
1965,48,fine_concrete,65,8
1966,63,concrete,59,143
1967,47,concrete,39,68
1968,37,soft_pvc,69,4
1969,41,concrete,45,30
1970,50,concrete,44,1
1971,44,hard_tiles_large_space,48,15
1972,45,wood,66,32
1973,68,fine_concrete,65,66
1974,69,soft_pvc,69,68
1975,62,concrete,58,22
1976,72,fine_concrete,50,2
1977,54,tiled,54,53
1978,68,fine_concrete,65,113
1979,70,soft_pvc,75,45
1980,37,soft_pvc,69,21
1981,57,concrete,33,3
1982,65,wood,68,4
1983,48,fine_concrete,65,31
1984,65,wood,68,6
1985,42,concrete,60,47
1986,47,concrete,39,0
1987,38,wood,41,67
1988,71,tiled,53,1
1989,36,fine_concrete,34,13
1990,49,wood,40,0
1991,42,concrete,60,38
1992,64,tiled,54,47
1993,45,wood,47,3
1994,70,soft_pvc,75,66
1995,48,fine_concrete,65,2
1996,59,hard_tiles_large_space,51,11
1997,46,wood,41,32
1998,40,hard_tiles_large_space,59,74
1999,55,tiled,46,42
2000,66,tiled,35,25
2001,47,concrete,39,48
2002,60,carpet,64,37
2003,49,wood,57,9
2004,59,hard_tiles_large_space,63,12
2005,44,hard_tiles_large_space,48,21
2006,61,concrete,44,78
2007,68,fine_concrete,65,104
2008,46,wood,41,0
2009,60,carpet,64,42
2010,57,concrete,33,6
2011,38,wood,41,114
2012,71,tiled,56,42
2013,72,fine_concrete,50,54
2014,51,soft_pvc,73,53
2015,59,hard_tiles_large_space,63,4
2016,40,hard_tiles_large_space,59,47
2017,40,hard_tiles_large_space,59,28
2018,51,soft_pvc,73,51
2019,68,fine_concrete,65,106
2020,72,fine_concrete,42,0
2021,43,wood,61,30
2022,48,fine_concrete,65,43
2023,61,concrete,44,26
2024,65,wood,40,6
2025,61,concrete,44,69
2026,71,tiled,56,27
2027,39,concrete,59,118
2028,69,soft_pvc,69,71
2029,39,concrete,59,87
2030,60,carpet,64,34
2031,43,wood,40,31
2032,72,fine_concrete,50,35
2033,69,soft_pvc,69,65
2034,54,tiled,54,78
2035,59,hard_tiles_large_space,51,7
2036,61,concrete,44,35
2037,54,tiled,54,85
2038,68,fine_concrete,65,94
2039,39,concrete,59,105
2040,38,wood,41,116
2041,70,soft_pvc,75,43
2042,44,hard_tiles_large_space,48,1
2043,48,fine_concrete,65,17
2044,48,fine_concrete,65,19
2045,46,wood,41,37
2046,71,tiled,56,35
2047,37,soft_pvc,69,33
2048,71,tiled,43,0
2049,71,tiled,55,3
2050,42,concrete,60,8
2051,38,wood,41,77
2052,53,soft_pvc,49,7
2053,47,concrete,39,18
2054,36,fine_concrete,34,25
2055,49,wood,57,29
2056,38,wood,41,110
2057,71,tiled,56,37
2058,43,wood,40,33
2059,62,concrete,58,40
2060,68,fine_concrete,65,126
2061,53,soft_pvc,49,40
2062,45,wood,66,1
2063,63,concrete,52,19
2064,60,carpet,38,2
2065,49,wood,57,55
2066,70,soft_pvc,75,59
2067,46,wood,72,2
2068,70,soft_pvc,75,29
2069,71,tiled,56,21
2070,43,wood,61,21
2071,66,tiled,35,39
2072,41,concrete,45,20
2073,45,wood,47,9
2074,50,concrete,44,0
2075,48,fine_concrete,65,7
2076,41,concrete,45,0
2077,43,wood,61,2
2078,69,soft_pvc,69,49
2079,46,wood,41,12
2080,57,concrete,33,11
2081,71,tiled,55,7
2082,36,fine_concrete,34,6
2083,38,wood,41,121
2084,72,fine_concrete,50,24
2085,59,hard_tiles_large_space,51,24
2086,45,wood,66,14
2087,48,fine_concrete,65,42
2088,36,fine_concrete,34,7
2089,66,tiled,35,42
2090,55,tiled,46,24
2091,55,tiled,46,49
2092,54,tiled,54,107
2093,56,soft_pvc,69,129
2094,71,tiled,56,56
2095,72,fine_concrete,50,41
2096,65,wood,68,16
2097,72,fine_concrete,50,11
2098,68,fine_concrete,65,98
2099,45,wood,66,8
2100,44,hard_tiles_large_space,48,13
2101,53,soft_pvc,49,24
2102,54,tiled,54,109
2103,69,soft_pvc,69,78
2104,65,wood,68,27
2105,41,concrete,45,19
2106,49,wood,57,51
2107,70,soft_pvc,75,10
2108,44,hard_tiles_large_space,48,39
2109,47,concrete,39,59
2110,70,soft_pvc,75,9
2111,43,wood,40,43
2112,41,concrete,45,37
2113,72,fine_concrete,50,57
2114,71,tiled,56,29
2115,40,hard_tiles_large_space,59,77
2116,64,tiled,54,18
2117,70,soft_pvc,75,26
2118,57,concrete,33,26
2119,64,tiled,54,34
2120,37,soft_pvc,69,15
2121,43,wood,40,41
2122,71,tiled,56,60
2123,62,concrete,58,3
2124,70,soft_pvc,75,32
2125,65,wood,68,25
2126,48,fine_concrete,65,58
2127,41,concrete,45,57
2128,70,soft_pvc,75,16
2129,68,fine_concrete,65,96
2130,66,tiled,35,61
2131,65,wood,40,10
2132,65,wood,40,9
2133,38,wood,41,100
2134,46,wood,41,2
2135,47,concrete,39,30
2136,55,tiled,46,0
2137,47,concrete,39,46
2138,42,concrete,60,46
2139,72,fine_concrete,50,16
2140,48,fine_concrete,71,2
2141,49,wood,40,1
2142,40,hard_tiles_large_space,59,48
2143,46,wood,41,28
2144,69,soft_pvc,69,52
2145,72,fine_concrete,50,56
2146,62,concrete,58,43
2147,48,fine_concrete,65,25
2148,65,wood,62,12
2149,49,wood,57,3
2150,68,fine_concrete,65,83
2151,56,soft_pvc,69,108
2152,65,wood,40,4
2153,38,wood,41,84
2154,49,wood,57,1
2155,57,concrete,33,16
2156,52,carpet,37,3
2157,38,wood,41,63
2158,43,wood,40,32
2159,55,tiled,46,14
2160,66,tiled,35,23
2161,45,wood,47,0
2162,43,wood,61,20
2163,70,soft_pvc,75,24
2164,55,tiled,46,2
2165,72,fine_concrete,42,2
2166,66,tiled,35,48
2167,51,soft_pvc,73,13
2168,71,tiled,56,59
2169,72,fine_concrete,50,37
2170,43,wood,40,22
2171,62,concrete,44,89
2172,61,concrete,44,21
2173,65,wood,40,12
2174,62,concrete,58,33
2175,68,fine_concrete,65,68
2176,53,soft_pvc,49,5
2177,59,hard_tiles_large_space,51,8
2178,64,tiled,54,27
2179,55,tiled,46,39
2180,65,wood,68,2
2181,57,concrete,33,37
2182,46,wood,41,6
2183,45,wood,66,13
2184,70,soft_pvc,75,61
2185,40,hard_tiles_large_space,59,60
2186,45,wood,66,35
2187,45,wood,47,5
2188,72,fine_concrete,50,15
2189,42,concrete,60,49
2190,38,wood,41,83
2191,44,hard_tiles_large_space,48,42
2192,56,soft_pvc,69,122
2193,45,wood,66,21
2194,64,tiled,54,32
2195,47,concrete,39,61
2196,38,wood,41,69
2197,43,wood,61,29
2198,57,concrete,33,32
2199,45,wood,66,37
2200,37,soft_pvc,69,8
2201,43,wood,61,24
2202,40,hard_tiles_large_space,36,4
2203,71,tiled,53,3
2204,47,concrete,39,25
2205,38,wood,41,109
2206,65,wood,68,19
2207,51,soft_pvc,73,45
2208,47,concrete,39,26
2209,45,wood,66,34
2210,68,fine_concrete,65,95
2211,72,fine_concrete,50,45
2212,53,soft_pvc,49,33
2213,47,concrete,39,60
2214,48,fine_concrete,65,35
2215,44,hard_tiles_large_space,48,37
2216,41,concrete,45,43
2217,37,soft_pvc,69,5
2218,40,hard_tiles_large_space,59,21
2219,39,concrete,59,106
2220,48,fine_concrete,65,10
2221,42,concrete,60,25
2222,57,concrete,33,5
2223,44,hard_tiles_large_space,59,20
2224,72,fine_concrete,50,52
2225,44,hard_tiles_large_space,48,6
2226,57,concrete,33,15
2227,47,concrete,39,24
2228,59,hard_tiles_large_space,51,30
2229,64,tiled,54,40
2230,45,wood,47,4
2231,71,tiled,56,45
2232,51,soft_pvc,73,20
2233,53,soft_pvc,49,53
2234,64,tiled,54,4
2235,53,soft_pvc,49,66
2236,61,concrete,44,56
2237,71,tiled,55,2
2238,53,soft_pvc,49,61
2239,62,concrete,44,92
2240,60,carpet,64,6
2241,55,tiled,46,6
2242,39,concrete,59,133
2243,42,concrete,60,69
2244,62,concrete,58,21
2245,43,wood,61,6
2246,45,wood,66,19
2247,46,wood,41,43
2248,44,hard_tiles_large_space,59,4
2249,45,wood,47,11
2250,46,wood,41,21
2251,57,concrete,33,10
2252,47,concrete,39,56
2253,59,hard_tiles_large_space,51,22
2254,36,fine_concrete,34,12
2255,42,concrete,60,61
2256,55,tiled,46,28
2257,72,fine_concrete,50,22
2258,72,fine_concrete,50,9
2259,46,wood,41,8
2260,68,fine_concrete,65,73
2261,42,concrete,60,34
2262,46,wood,41,5
2263,53,soft_pvc,49,4
2264,42,concrete,60,45
2265,38,wood,41,64
2266,72,fine_concrete,50,26
2267,46,wood,72,11
2268,45,wood,47,1
2269,36,fine_concrete,34,21
2270,47,concrete,39,6
2271,53,soft_pvc,49,15
2272,64,tiled,54,37
2273,61,concrete,44,73
2274,72,fine_concrete,50,36
2275,65,wood,68,5
2276,61,concrete,44,48
2277,38,wood,41,81
2278,43,wood,40,20
2279,44,hard_tiles_large_space,48,41
2280,71,tiled,56,55
2281,55,tiled,56,12
2282,48,fine_concrete,65,29
2283,45,wood,67,6
2284,42,concrete,60,53
2285,62,concrete,44,98
2286,36,fine_concrete,34,24
2287,64,tiled,54,7
2288,71,tiled,56,47
2289,64,tiled,54,33
2290,39,concrete,59,82
2291,69,soft_pvc,69,62
2292,61,concrete,44,29
2293,55,tiled,56,5
2294,59,hard_tiles_large_space,51,21
2295,61,concrete,44,79
2296,62,concrete,58,28
2297,57,concrete,33,27
2298,53,soft_pvc,49,17
2299,45,wood,47,13
2300,38,wood,41,93
2301,59,hard_tiles_large_space,51,6
2302,40,hard_tiles_large_space,59,33
2303,48,fine_concrete,65,36
2304,39,concrete,59,111
2305,66,tiled,35,56
2306,45,wood,67,9
2307,39,concrete,59,134
2308,39,concrete,59,93
2309,46,wood,41,44
2310,56,soft_pvc,69,117
2311,69,soft_pvc,69,92
2312,45,wood,67,7
2313,72,fine_concrete,50,23
2314,70,soft_pvc,75,39
2315,68,fine_concrete,65,115
2316,44,hard_tiles_large_space,59,16
2317,41,concrete,45,9
2318,64,tiled,54,52
2319,43,wood,61,5
2320,41,concrete,45,53
2321,42,concrete,60,30
2322,53,soft_pvc,49,22
2323,60,carpet,64,10
2324,55,tiled,56,7
2325,51,soft_pvc,73,32
2326,62,concrete,58,25
2327,43,wood,40,27
2328,41,concrete,45,63
2329,46,wood,41,26
2330,64,tiled,54,41
2331,47,concrete,39,1
2332,49,wood,57,7
2333,41,concrete,45,35
2334,61,concrete,44,77
2335,42,concrete,60,59
2336,49,wood,57,45
2337,72,fine_concrete,50,47
2338,61,concrete,44,62
2339,72,fine_concrete,50,32
2340,44,hard_tiles_large_space,48,0
2341,69,soft_pvc,69,45
2342,46,wood,41,11
2343,69,soft_pvc,69,40
2344,51,soft_pvc,73,56
2345,71,tiled,56,57
2346,49,wood,57,31
2347,54,tiled,54,82
2348,51,soft_pvc,73,27
2349,71,tiled,56,44
2350,39,concrete,59,137
2351,50,concrete,44,5
2352,59,hard_tiles_large_space,63,26
2353,43,wood,40,19
2354,36,fine_concrete,34,4
2355,42,concrete,60,36
2356,62,concrete,58,30
2357,62,concrete,44,87
2358,65,wood,68,10
2359,39,concrete,59,122
2360,47,concrete,39,50
2361,65,wood,68,24
2362,41,concrete,45,21
2363,72,fine_concrete,50,21
2364,65,wood,68,8
2365,38,wood,41,60
2366,54,tiled,54,70
2367,47,concrete,39,17
2368,49,wood,57,26
2369,39,concrete,59,130
2370,65,wood,62,14
2371,40,hard_tiles_large_space,59,51
2372,53,soft_pvc,49,0
2373,66,tiled,35,4
2374,49,wood,57,46
2375,40,hard_tiles_large_space,36,7
2376,39,concrete,59,102
2377,43,wood,40,45
2378,48,fine_concrete,65,11
2379,42,concrete,60,1
2380,38,wood,41,61
2381,65,wood,68,12
2382,40,hard_tiles_large_space,59,72
2383,37,soft_pvc,69,25
2384,64,tiled,54,29
2385,49,wood,57,5
2386,56,soft_pvc,69,127
2387,53,soft_pvc,49,41
2388,38,wood,41,82
2389,61,concrete,44,49
2390,43,wood,61,19
2391,54,tiled,54,96
2392,51,soft_pvc,73,35
2393,47,concrete,39,5
2394,48,fine_concrete,65,46
2395,71,tiled,56,50
2396,69,soft_pvc,69,82
2397,59,hard_tiles_large_space,51,17
2398,44,hard_tiles_large_space,48,12
2399,61,concrete,44,76
2400,72,fine_concrete,50,44
2401,38,wood,41,117
2402,54,tiled,54,104
2403,42,concrete,60,37
2404,65,wood,40,8
2405,36,fine_concrete,34,30
2406,43,wood,40,26
2407,39,concrete,45,70
2408,54,tiled,54,63
2409,41,concrete,45,29
2410,47,concrete,39,14
2411,55,tiled,46,29
2412,70,soft_pvc,75,48
2413,51,soft_pvc,73,34
2414,53,soft_pvc,49,50
2415,61,concrete,44,47
2416,48,fine_concrete,65,45
2417,51,soft_pvc,73,21
2418,42,concrete,60,56
2419,65,wood,68,14
2420,42,concrete,60,63
2421,59,hard_tiles_large_space,51,27
2422,68,fine_concrete,65,118
2423,55,tiled,46,27
2424,44,hard_tiles_large_space,59,2
2425,61,concrete,44,23
2426,46,wood,72,1
2427,61,concrete,44,50
2428,65,wood,62,2
2429,54,tiled,54,74
2430,46,wood,41,31
2431,42,concrete,60,65
2432,37,soft_pvc,69,26
2433,41,concrete,45,4
2434,66,tiled,35,30
2435,64,tiled,54,2
2436,66,tiled,35,59
2437,47,concrete,39,55
2438,57,concrete,33,23
2439,70,soft_pvc,75,20
2440,60,carpet,38,3
2441,44,hard_tiles_large_space,48,8
2442,72,fine_concrete,50,33
2443,70,soft_pvc,75,70
2444,69,soft_pvc,69,35
2445,71,tiled,43,5
2446,37,soft_pvc,69,29
2447,65,wood,40,7
2448,37,soft_pvc,69,22
2449,68,fine_concrete,65,129
2450,68,fine_concrete,65,82
2451,52,carpet,37,2
2452,38,wood,41,73
2453,64,tiled,54,5
2454,72,fine_concrete,50,0
2455,38,wood,41,115
2456,54,tiled,54,115
2457,68,fine_concrete,65,80
2458,60,carpet,38,26
2459,69,soft_pvc,69,70
2460,62,concrete,58,12
2461,59,hard_tiles_large_space,51,0
2462,69,soft_pvc,69,81
2463,57,concrete,33,7
2464,59,hard_tiles_large_space,63,23
2465,57,concrete,33,2
2466,60,carpet,38,14
2467,60,carpet,64,7
2468,71,tiled,56,46
2469,39,concrete,59,98
2470,46,wood,41,25
2471,44,hard_tiles_large_space,48,22
2472,72,fine_concrete,52,0
2473,66,tiled,35,45
2474,42,concrete,60,40
2475,47,concrete,39,34
2476,71,tiled,53,0
2477,49,wood,57,34
2478,60,carpet,38,7
2479,59,hard_tiles_large_space,51,32
2480,53,soft_pvc,49,29
2481,53,soft_pvc,49,57
2482,70,soft_pvc,75,34
2483,54,tiled,54,76
2484,39,concrete,59,80
2485,61,concrete,44,53
2486,57,concrete,33,9
2487,37,soft_pvc,69,23
2488,40,hard_tiles_large_space,36,8
2489,38,wood,41,58
2490,38,wood,41,85
2491,56,soft_pvc,69,128
2492,40,hard_tiles_large_space,59,70
2493,60,carpet,64,21
2494,54,tiled,54,112
2495,54,tiled,54,92
2496,62,concrete,58,15
2497,61,concrete,44,38
2498,53,soft_pvc,49,56
2499,61,concrete,44,30
2500,65,wood,68,33
2501,66,tiled,35,50
2502,70,soft_pvc,75,35
2503,38,wood,41,101
2504,43,wood,40,30
2505,47,concrete,39,63
2506,53,soft_pvc,49,30
2507,54,tiled,54,56
2508,37,soft_pvc,69,24
2509,61,concrete,44,63
2510,42,concrete,60,62
2511,39,concrete,59,97
2512,72,fine_concrete,50,42
2513,60,carpet,38,23
2514,39,concrete,59,92
2515,69,soft_pvc,69,42
2516,53,soft_pvc,49,58
2517,39,concrete,59,115
2518,72,fine_concrete,50,53
2519,65,wood,62,11
2520,54,tiled,54,68
2521,44,hard_tiles_large_space,48,18
2522,65,wood,68,3
2523,64,tiled,54,23
2524,55,tiled,46,31
2525,71,tiled,55,8
2526,69,soft_pvc,69,54
2527,43,wood,40,25
2528,68,fine_concrete,65,101
2529,66,tiled,35,43
2530,65,wood,40,14
2531,68,fine_concrete,65,100
2532,70,soft_pvc,75,47
2533,54,tiled,54,67
2534,66,tiled,35,53
2535,40,hard_tiles_large_space,59,23
2536,57,concrete,33,19
2537,55,tiled,46,1
2538,40,hard_tiles_large_space,59,68
2539,45,wood,66,7
2540,39,concrete,59,104
2541,68,fine_concrete,65,93
2542,42,concrete,60,19
2543,65,wood,62,6
2544,43,wood,40,21
2545,66,tiled,35,46
2546,60,carpet,38,15
2547,44,hard_tiles_large_space,59,3
2548,71,tiled,43,3
2549,40,hard_tiles_large_space,59,27
2550,41,concrete,45,28
2551,51,soft_pvc,73,58
2552,57,concrete,33,38
2553,57,concrete,33,22
2554,69,soft_pvc,69,56
2555,64,tiled,54,0
2556,71,tiled,55,0
2557,47,concrete,39,12
2558,39,concrete,59,88
2559,48,fine_concrete,65,20
2560,66,tiled,35,33
2561,37,soft_pvc,69,17
2562,66,tiled,35,38
2563,61,concrete,44,10
2564,36,fine_concrete,34,1
2565,69,soft_pvc,69,94
2566,51,soft_pvc,73,17
2567,68,fine_concrete,65,133
2568,46,wood,72,8
2569,40,hard_tiles_large_space,59,55
2570,72,fine_concrete,52,6
2571,60,carpet,38,24
2572,46,wood,41,35
2573,66,tiled,35,31
2574,41,concrete,45,17
2575,72,fine_concrete,50,39
2576,59,hard_tiles_large_space,63,2
2577,45,wood,66,4
2578,49,wood,57,40
2579,57,concrete,33,31
2580,71,tiled,56,52
2581,64,tiled,54,48
2582,59,hard_tiles_large_space,63,17
2583,62,concrete,44,93
2584,39,concrete,59,109
2585,54,tiled,54,98
2586,48,fine_concrete,65,49
2587,54,tiled,54,83
2588,57,concrete,33,4
2589,46,wood,72,4
2590,47,concrete,39,38
2591,41,concrete,45,34
2592,62,concrete,44,94
2593,60,carpet,38,22
2594,59,hard_tiles_large_space,63,1
2595,48,fine_concrete,65,37
2596,45,wood,47,8
2597,54,tiled,54,75
2598,70,soft_pvc,75,37
2599,43,wood,61,10
2600,65,wood,62,13
2601,66,tiled,35,21
2602,51,soft_pvc,73,59
2603,62,concrete,58,26
2604,36,fine_concrete,34,15
2605,66,tiled,35,55
2606,40,hard_tiles_large_space,59,38
2607,45,wood,67,4
2608,68,fine_concrete,65,107
2609,43,wood,61,3
2610,40,hard_tiles_large_space,59,63
2611,66,tiled,35,15
2612,55,tiled,56,0
2613,48,fine_concrete,65,28
2614,53,soft_pvc,49,69
2615,71,tiled,56,41
2616,39,concrete,59,103
2617,64,tiled,54,39
2618,54,tiled,54,73
2619,40,hard_tiles_large_space,59,52
2620,48,fine_concrete,65,38
2621,38,wood,41,118
2622,43,wood,61,15
2623,58,soft_pvc,49,75
2624,65,wood,68,1
2625,70,soft_pvc,75,31
2626,55,tiled,56,11
2627,43,wood,61,16
2628,72,fine_concrete,52,4
2629,42,concrete,60,11
2630,59,hard_tiles_large_space,51,26
2631,38,wood,41,88
2632,54,tiled,54,102
2633,44,hard_tiles_large_space,48,16
2634,50,concrete,44,8
2635,41,concrete,45,1
2636,72,fine_concrete,50,10
2637,59,hard_tiles_large_space,63,10
2638,55,tiled,56,2
2639,55,tiled,46,37
2640,64,tiled,54,12
2641,44,hard_tiles_large_space,59,10
2642,42,concrete,60,58
2643,38,wood,41,57
2644,61,concrete,44,14
2645,66,tiled,35,35
2646,53,soft_pvc,49,25
2647,40,hard_tiles_large_space,59,67
2648,39,concrete,59,120
2649,68,fine_concrete,65,81
2650,62,concrete,58,8
2651,39,concrete,59,85
2652,39,concrete,59,119
2653,56,soft_pvc,69,130
2654,69,soft_pvc,69,83
2655,43,wood,61,31
2656,60,carpet,64,12
2657,55,tiled,56,17
2658,48,fine_concrete,65,26
2659,47,concrete,39,39
2660,47,concrete,39,8
2661,51,soft_pvc,73,29
2662,54,tiled,54,72
2663,53,soft_pvc,49,3
2664,47,concrete,39,29
2665,61,concrete,44,25
2666,60,carpet,64,41
2667,41,concrete,45,44
2668,56,soft_pvc,69,104
2669,41,concrete,45,5
2670,60,carpet,38,5
2671,49,wood,57,0
2672,50,concrete,44,3
2673,70,soft_pvc,75,41
2674,71,tiled,56,54
2675,69,soft_pvc,69,57
2676,68,fine_concrete,65,112
2677,43,wood,40,28
2678,62,concrete,58,0
2679,40,hard_tiles_large_space,59,78
2680,44,hard_tiles_large_space,48,5
2681,55,tiled,56,13
2682,70,soft_pvc,75,55
2683,41,concrete,45,26
2684,42,concrete,60,55
2685,62,concrete,58,18
2686,61,concrete,44,22
2687,62,concrete,58,19
2688,42,concrete,60,17
2689,51,soft_pvc,73,1
2690,65,wood,68,35
2691,38,wood,41,87
2692,69,soft_pvc,69,80
2693,45,wood,47,6
2694,46,wood,41,36
2695,53,soft_pvc,49,35
2696,65,wood,68,31
2697,54,tiled,54,86
2698,54,tiled,54,58
2699,70,soft_pvc,75,25
2700,60,carpet,38,12
2701,47,concrete,39,19
2702,51,soft_pvc,73,50
2703,61,concrete,44,36
2704,45,wood,66,12
2705,56,soft_pvc,69,124
2706,42,concrete,60,32
2707,45,wood,67,3
2708,63,concrete,52,20
2709,48,fine_concrete,65,59
2710,69,soft_pvc,69,43
2711,42,concrete,60,22
2712,63,concrete,52,18
2713,39,concrete,59,127
2714,62,concrete,58,9
2715,57,concrete,33,28
2716,43,wood,40,35
2717,51,soft_pvc,73,54
2718,60,carpet,64,31
2719,58,soft_pvc,49,77
2720,49,wood,57,56
2721,69,soft_pvc,69,98
2722,63,concrete,52,22
2723,66,tiled,35,58
2724,69,soft_pvc,69,87
2725,62,concrete,58,27
2726,66,tiled,35,47
2727,57,concrete,33,25
2728,44,hard_tiles_large_space,59,0
2729,72,fine_concrete,50,40
2730,37,soft_pvc,69,32
2731,69,soft_pvc,69,77
2732,48,fine_concrete,65,24
2733,40,hard_tiles_large_space,36,2
2734,55,tiled,46,48
2735,41,concrete,45,38
2736,38,wood,41,86
2737,72,fine_concrete,50,28
2738,66,tiled,35,29
2739,50,concrete,44,4
2740,70,soft_pvc,75,11
2741,42,concrete,60,52
2742,49,wood,40,2
2743,41,concrete,45,65
2744,53,soft_pvc,49,55
2745,49,wood,57,23
2746,43,wood,40,49
2747,46,wood,41,33
2748,65,wood,68,18
2749,65,wood,40,3
2750,49,wood,57,19
2751,39,concrete,45,74
2752,39,concrete,59,110
2753,59,hard_tiles_large_space,63,21
2754,62,concrete,58,41
2755,71,tiled,55,1
2756,72,fine_concrete,52,3
2757,61,concrete,44,41
2758,49,wood,57,32
2759,62,concrete,44,105
2760,53,soft_pvc,49,10
2761,42,concrete,60,0
2762,44,hard_tiles_large_space,48,48
2763,70,soft_pvc,75,13
2764,65,wood,40,15
2765,38,wood,41,125
2766,70,soft_pvc,75,33
2767,70,soft_pvc,75,7
2768,41,concrete,45,3
2769,55,tiled,56,15
2770,65,wood,68,28
2771,72,fine_concrete,50,38
2772,38,wood,41,120
2773,69,soft_pvc,69,48
2774,44,hard_tiles_large_space,48,10
2775,47,concrete,39,67
2776,55,tiled,46,47
2777,69,soft_pvc,69,96
2778,42,concrete,60,20
2779,56,soft_pvc,69,120
2780,39,concrete,59,100
2781,66,tiled,35,9
2782,71,tiled,56,32
2783,61,concrete,44,44
2784,47,concrete,39,41
2785,43,wood,71,7
2786,66,tiled,35,57
2787,65,wood,68,17
2788,69,soft_pvc,69,59
2789,62,concrete,44,88
2790,70,soft_pvc,75,28
2791,43,wood,40,40
2792,51,soft_pvc,73,9
2793,64,tiled,54,36
2794,64,tiled,54,6
2795,70,soft_pvc,75,56
2796,62,concrete,58,5
2797,61,concrete,44,34
2798,70,soft_pvc,75,12
2799,48,fine_concrete,65,18
2800,48,fine_concrete,65,47
2801,55,tiled,46,46
2802,41,concrete,45,31
2803,37,soft_pvc,69,20
2804,47,concrete,39,53
2805,71,tiled,56,24
2806,46,wood,41,50
2807,61,concrete,44,31
2808,46,wood,72,5
2809,51,soft_pvc,73,23
2810,70,soft_pvc,75,18
2811,65,wood,68,11
2812,68,fine_concrete,65,111
2813,43,wood,40,46
2814,47,concrete,39,15
2815,43,wood,61,17
2816,61,concrete,44,60
2817,45,wood,66,9
2818,46,wood,72,9
2819,50,concrete,44,7
2820,45,wood,66,22
2821,48,fine_concrete,65,9
2822,44,hard_tiles_large_space,48,35
2823,59,hard_tiles_large_space,51,34
2824,71,tiled,56,40
2825,59,hard_tiles_large_space,51,2
2826,54,tiled,54,108
2827,62,concrete,44,97
2828,68,fine_concrete,65,132
2829,57,concrete,33,29
2830,69,soft_pvc,69,46
2831,48,fine_concrete,65,52
2832,49,wood,57,38
2833,66,tiled,35,16
2834,39,concrete,59,136
2835,53,soft_pvc,49,45
2836,61,concrete,44,40
2837,53,soft_pvc,49,48
2838,38,wood,41,62
2839,59,hard_tiles_large_space,51,12
2840,51,soft_pvc,73,14
2841,39,concrete,59,113
2842,43,wood,61,9
2843,61,concrete,44,64
2844,38,wood,41,94
2845,65,wood,40,13
2846,48,fine_concrete,65,44
2847,53,soft_pvc,49,62
2848,40,hard_tiles_large_space,59,31
2849,44,hard_tiles_large_space,48,3
2850,64,tiled,54,38
2851,51,soft_pvc,73,52
2852,40,hard_tiles_large_space,59,25
2853,71,tiled,56,49
2854,47,concrete,39,20
2855,65,wood,68,15
2856,44,hard_tiles_large_space,59,9
2857,44,hard_tiles_large_space,59,11
2858,68,fine_concrete,65,114
2859,70,soft_pvc,75,36
2860,43,wood,61,4
2861,62,concrete,44,96
2862,36,fine_concrete,34,23
2863,52,carpet,37,1
2864,59,hard_tiles_large_space,51,1
2865,72,fine_concrete,50,43
2866,59,hard_tiles_large_space,51,9
2867,72,fine_concrete,50,3
2868,71,tiled,56,22
2869,59,hard_tiles_large_space,51,18
2870,44,hard_tiles_large_space,48,43
2871,38,wood,41,76
2872,46,wood,41,24
2873,55,tiled,46,3
2874,51,soft_pvc,73,28
2875,70,soft_pvc,75,38
2876,59,hard_tiles_large_space,51,13
2877,51,soft_pvc,73,24
2878,60,carpet,64,11
2879,70,soft_pvc,75,4
2880,46,wood,41,39
2881,64,tiled,54,8
2882,38,wood,41,111
2883,61,concrete,44,11
2884,53,soft_pvc,49,70
2885,66,tiled,35,63
2886,62,concrete,44,102
2887,39,concrete,59,112
2888,43,wood,61,0
2889,38,wood,41,56
2890,65,wood,62,0
2891,46,wood,41,23
2892,68,fine_concrete,65,97
2893,69,soft_pvc,69,39
2894,40,hard_tiles_large_space,59,54
2895,36,fine_concrete,34,27
2896,42,concrete,60,35
2897,64,tiled,54,30
2898,46,wood,41,45
2899,37,soft_pvc,69,11
2900,55,tiled,46,34
2901,59,hard_tiles_large_space,63,19
2902,67,wood,74,5
2903,51,soft_pvc,73,36
2904,49,wood,57,22
2905,46,wood,41,49
2906,69,soft_pvc,69,74
2907,71,tiled,43,4
2908,54,tiled,54,61
2909,45,wood,66,29
2910,51,soft_pvc,73,44
2911,46,wood,41,16
2912,70,soft_pvc,75,63
2913,60,carpet,64,26
2914,53,soft_pvc,49,42
2915,38,wood,41,112
2916,49,wood,57,36
2917,59,hard_tiles_large_space,63,0
2918,48,fine_concrete,65,5
2919,61,concrete,44,28
2920,43,wood,61,32
2921,43,wood,61,8
2922,61,concrete,44,68
2923,68,fine_concrete,65,127
2924,59,hard_tiles_large_space,51,28
2925,61,concrete,44,43
2926,70,soft_pvc,75,64
2927,41,concrete,45,64
2928,48,fine_concrete,65,62
2929,45,wood,66,28
2930,61,concrete,44,32
2931,60,carpet,64,0
2932,37,soft_pvc,69,30
2933,56,soft_pvc,69,110
2934,59,hard_tiles_large_space,51,15
2935,62,concrete,44,95
2936,71,tiled,56,53
2937,42,concrete,60,16
2938,36,fine_concrete,34,8
2939,51,soft_pvc,73,33
2940,51,soft_pvc,73,4
2941,61,concrete,44,54
2942,51,soft_pvc,73,31
2943,71,tiled,53,5
2944,43,wood,61,13
2945,54,tiled,54,84
2946,59,hard_tiles_large_space,51,5
2947,64,tiled,54,46
2948,39,concrete,59,139
2949,48,fine_concrete,65,0
2950,72,fine_concrete,52,5
2951,40,hard_tiles_large_space,59,65
2952,40,hard_tiles_large_space,36,9
2953,69,soft_pvc,69,66
2954,69,soft_pvc,69,72
2955,69,soft_pvc,69,51
2956,69,soft_pvc,69,90
2957,44,hard_tiles_large_space,48,29
2958,65,wood,62,4
2959,71,tiled,56,19
2960,36,fine_concrete,34,20
2961,40,hard_tiles_large_space,36,10
2962,53,soft_pvc,49,47
2963,60,carpet,38,17
2964,56,soft_pvc,69,116
2965,44,hard_tiles_large_space,48,38
2966,46,wood,72,6
2967,64,tiled,54,1
2968,69,soft_pvc,69,75
2969,51,soft_pvc,73,8
2970,40,hard_tiles_large_space,36,6
2971,49,wood,57,17
2972,44,hard_tiles_large_space,48,17
2973,67,wood,74,3
2974,49,wood,57,27
2975,68,fine_concrete,65,72
2976,61,concrete,44,37
2977,61,concrete,44,65
2978,69,soft_pvc,69,67
2979,69,soft_pvc,69,34
2980,41,concrete,45,52
2981,42,concrete,60,29
2982,40,hard_tiles_large_space,59,44
2983,55,tiled,56,16
2984,46,wood,41,40
2985,61,concrete,44,39
2986,56,soft_pvc,69,112
2987,69,soft_pvc,69,53
2988,47,concrete,39,54
2989,68,fine_concrete,65,70
2990,39,concrete,59,99
2991,42,concrete,60,21
2992,60,carpet,64,25
2993,55,tiled,46,5
2994,71,tiled,53,10
2995,39,concrete,45,78
2996,44,hard_tiles_large_space,59,19
2997,46,wood,41,3
2998,47,concrete,39,37
2999,66,tiled,35,2
3000,48,fine_concrete,65,22
3001,72,fine_concrete,50,27
3002,41,concrete,45,69
3003,72,fine_concrete,50,55
3004,69,soft_pvc,69,103
3005,36,fine_concrete,34,35
3006,46,wood,41,17
3007,68,fine_concrete,65,123
3008,61,concrete,44,42
3009,53,soft_pvc,49,8
3010,45,wood,47,19
3011,62,concrete,58,38
3012,58,soft_pvc,49,71
3013,68,fine_concrete,65,78
3014,66,tiled,35,26
3015,51,soft_pvc,73,55
3016,44,hard_tiles_large_space,48,30
3017,62,concrete,44,91
3018,55,tiled,46,25
3019,56,soft_pvc,69,115
3020,39,concrete,59,116
3021,68,fine_concrete,65,65
3022,49,wood,57,44
3023,54,tiled,54,66
3024,52,carpet,37,6
3025,43,wood,61,25
3026,47,concrete,39,2
3027,48,fine_concrete,65,61
3028,41,concrete,45,61
3029,40,hard_tiles_large_space,59,53
3030,51,soft_pvc,73,26
3031,70,soft_pvc,75,62
3032,40,hard_tiles_large_space,59,50
3033,68,fine_concrete,65,79
3034,55,tiled,46,22
3035,52,carpet,37,4
3036,36,fine_concrete,34,10
3037,71,tiled,55,6
3038,62,concrete,44,99
3039,70,soft_pvc,75,2
3040,54,tiled,54,103
3041,45,wood,67,2
3042,54,tiled,54,54
3043,46,wood,41,47
3044,36,fine_concrete,34,17
3045,48,fine_concrete,65,27
3046,40,hard_tiles_large_space,59,39
3047,46,wood,72,10
3048,47,concrete,39,64
3049,45,wood,67,10
3050,43,wood,61,18
3051,40,hard_tiles_large_space,59,66
3052,41,concrete,45,6
3053,66,tiled,35,18
3054,62,concrete,58,14
3055,63,concrete,52,9
3056,41,concrete,45,45
3057,48,fine_concrete,65,41
3058,44,hard_tiles_large_space,48,40
3059,54,tiled,54,79
3060,49,wood,57,42
3061,45,wood,66,31
3062,39,concrete,59,81
3063,60,carpet,64,3
3064,55,tiled,46,41
3065,71,tiled,56,58
3066,55,tiled,46,21
3067,66,tiled,35,40
3068,51,soft_pvc,73,37
3069,47,concrete,39,21
3070,41,concrete,45,15
3071,49,wood,57,24
3072,69,soft_pvc,69,88
3073,61,concrete,44,20
3074,71,tiled,43,1
3075,40,hard_tiles_large_space,59,42
3076,66,tiled,35,52
3077,53,soft_pvc,49,20
3078,45,wood,66,0
3079,70,soft_pvc,75,40
3080,72,fine_concrete,52,7
3081,38,wood,41,103
3082,45,wood,66,16
3083,49,wood,57,50
3084,51,soft_pvc,73,3
3085,38,wood,41,91
3086,45,wood,66,18
3087,42,concrete,60,66
3088,38,wood,41,107
3089,62,concrete,58,34
3090,65,wood,62,1
3091,63,concrete,52,14
3092,59,hard_tiles_large_space,63,25
3093,48,fine_concrete,65,54
3094,37,soft_pvc,69,13
3095,41,concrete,45,32
3096,46,wood,41,52
3097,42,concrete,60,31
3098,62,concrete,58,24
3099,60,carpet,64,29
3100,69,soft_pvc,69,97
3101,53,soft_pvc,49,38
3102,42,concrete,60,3
3103,57,concrete,33,39
3104,70,soft_pvc,75,27
3105,45,wood,47,16
3106,54,tiled,54,100
3107,60,carpet,38,25
3108,43,wood,61,1
3109,64,tiled,54,50
3110,51,soft_pvc,73,19
3111,70,soft_pvc,75,50
3112,72,fine_concrete,50,12
3113,54,tiled,54,90
3114,50,concrete,44,2
3115,43,wood,62,16
3116,47,concrete,39,42
3117,54,tiled,54,118
3118,68,fine_concrete,65,76
3119,64,tiled,54,21
3120,51,soft_pvc,73,39
3121,47,concrete,39,65
3122,49,wood,57,33
3123,62,concrete,58,35
3124,57,concrete,33,13
3125,53,soft_pvc,49,2
3126,47,concrete,39,32
3127,38,wood,41,71
3128,66,tiled,35,62
3129,44,hard_tiles_large_space,48,14
3130,45,wood,66,3
3131,62,concrete,58,39
3132,55,tiled,46,20
3133,40,hard_tiles_large_space,59,30
3134,41,concrete,45,51
3135,62,concrete,58,6
3136,46,wood,41,20
3137,70,soft_pvc,75,42
3138,65,wood,40,16
3139,63,concrete,52,21
3140,56,soft_pvc,69,125
3141,54,tiled,54,116
3142,38,wood,41,78
3143,43,wood,40,38
3144,62,concrete,58,7
3145,49,wood,57,13
3146,38,wood,41,68
3147,65,wood,68,26
3148,66,tiled,35,36
3149,69,soft_pvc,69,38
3150,51,soft_pvc,73,47
3151,53,soft_pvc,49,51
3152,68,fine_concrete,65,130
3153,48,fine_concrete,65,39
3154,68,fine_concrete,65,120
3155,39,concrete,45,75
3156,45,wood,67,0
3157,71,tiled,56,48
3158,60,carpet,64,13
3159,57,concrete,33,1
3160,39,concrete,59,94
3161,39,concrete,59,95
3162,47,concrete,39,43
3163,49,wood,57,25
3164,39,concrete,59,124
3165,40,hard_tiles_large_space,59,22
3166,70,soft_pvc,75,6
3167,38,wood,41,74
3168,68,fine_concrete,65,91
3169,68,fine_concrete,65,119
3170,42,concrete,60,9
3171,44,hard_tiles_large_space,48,49
3172,41,concrete,45,36
3173,41,concrete,45,13
3174,60,carpet,64,43
3175,63,concrete,52,16
3176,68,fine_concrete,65,128
3177,38,wood,41,70
3178,64,tiled,54,19
3179,40,hard_tiles_large_space,36,5
3180,57,concrete,33,8
3181,59,hard_tiles_large_space,51,29
3182,55,tiled,56,10
3183,55,tiled,46,15
3184,37,soft_pvc,69,31
3185,60,carpet,38,4
3186,36,fine_concrete,34,16
3187,65,wood,68,22
3188,42,concrete,60,13
3189,36,fine_concrete,34,34
3190,64,tiled,54,11
3191,46,wood,41,4
3192,41,concrete,45,60
3193,51,soft_pvc,73,16
3194,44,hard_tiles_large_space,48,46
3195,64,tiled,54,45
3196,37,soft_pvc,69,7
3197,61,concrete,44,74
3198,39,concrete,59,108
3199,61,concrete,44,58
3200,61,concrete,44,18
3201,42,concrete,60,43
3202,46,wood,72,13
3203,51,soft_pvc,73,38
3204,47,concrete,39,51
3205,47,concrete,39,7
3206,71,tiled,55,5
3207,56,soft_pvc,69,131
3208,55,tiled,46,10
3209,49,wood,57,48
3210,38,wood,41,72
3211,43,wood,40,37
3212,47,concrete,39,52
3213,40,hard_tiles_large_space,59,49
3214,70,soft_pvc,75,5
3215,42,concrete,60,6
3216,62,concrete,58,32
3217,59,hard_tiles_large_space,51,25
3218,53,soft_pvc,49,26
3219,55,tiled,46,33
3220,70,soft_pvc,75,65
3221,47,concrete,39,13
3222,36,fine_concrete,34,14
3223,66,tiled,35,20
3224,65,wood,40,11
3225,59,hard_tiles_large_space,63,20
3226,54,tiled,54,105
3227,55,tiled,46,30
3228,71,tiled,56,31
3229,38,wood,41,104
3230,55,tiled,46,7
3231,61,concrete,44,57
3232,54,tiled,54,81
3233,42,concrete,60,15
3234,47,concrete,39,47
3235,41,concrete,45,2
3236,65,wood,68,13
3237,43,wood,61,28
3238,70,soft_pvc,75,3
3239,65,wood,40,5
3240,41,concrete,45,59
3241,47,concrete,39,40
3242,42,concrete,60,24
3243,40,hard_tiles_large_space,59,59
3244,52,carpet,37,7
3245,53,soft_pvc,49,21
3246,46,wood,41,55
3247,69,soft_pvc,69,89
3248,65,wood,68,0
3249,45,wood,66,23
3250,70,soft_pvc,75,58
3251,38,wood,41,99
3252,45,wood,66,10
3253,54,tiled,54,113
3254,37,soft_pvc,69,10
3255,54,tiled,54,119
3256,67,wood,74,1
3257,70,soft_pvc,75,17
3258,68,fine_concrete,65,124
3259,48,fine_concrete,65,21
3260,54,tiled,54,64
3261,54,tiled,54,106
3262,48,fine_concrete,71,1
3263,65,wood,62,3
3264,55,tiled,46,36
3265,51,soft_pvc,73,43
3266,42,concrete,60,23
3267,46,wood,41,15
3268,47,concrete,39,36
3269,62,concrete,58,36
3270,65,wood,62,9
3271,56,soft_pvc,69,118
3272,44,hard_tiles_large_space,59,12
3273,71,tiled,53,4
3274,48,fine_concrete,65,16
3275,41,concrete,45,8
3276,59,hard_tiles_large_space,63,3
3277,69,soft_pvc,69,79
3278,41,concrete,45,27
3279,49,wood,57,35
3280,47,concrete,39,31
3281,48,fine_concrete,71,3
3282,48,fine_concrete,71,4
3283,68,fine_concrete,65,117
3284,61,concrete,44,55
3285,42,concrete,60,57
3286,70,soft_pvc,75,19
3287,71,tiled,53,7
3288,64,tiled,54,25
3289,36,fine_concrete,34,9
3290,45,wood,67,5
3291,68,fine_concrete,65,99
3292,57,concrete,33,36
3293,39,concrete,59,84
3294,47,concrete,39,10
3295,44,hard_tiles_large_space,48,27
3296,54,tiled,54,122
3297,59,hard_tiles_large_space,63,11
3298,62,concrete,58,13
3299,60,carpet,64,30
3300,55,tiled,46,8
3301,65,wood,40,17
3302,37,soft_pvc,69,18
3303,65,wood,68,34
3304,41,concrete,45,7
3305,65,wood,68,21
3306,58,soft_pvc,49,72
3307,55,tiled,46,17
3308,45,wood,66,6
3309,69,soft_pvc,69,101
3310,54,tiled,54,93
3311,36,fine_concrete,34,18
3312,37,soft_pvc,69,0
3313,64,tiled,54,44
3314,61,concrete,44,19
3315,36,fine_concrete,34,29
3316,49,wood,57,49
3317,40,hard_tiles_large_space,59,24
3318,49,wood,57,21
3319,53,soft_pvc,49,64
3320,66,tiled,35,17
3321,42,concrete,60,10
3322,55,tiled,46,43
3323,71,tiled,56,25
3324,44,hard_tiles_large_space,59,8
3325,49,wood,57,12
3326,60,carpet,64,22
3327,65,wood,68,29
3328,59,hard_tiles_large_space,51,33
3329,55,tiled,46,40
3330,37,soft_pvc,69,2
3331,57,concrete,33,30
3332,54,tiled,54,69
3333,68,fine_concrete,65,122
3334,41,concrete,45,11
3335,60,carpet,64,17
3336,38,wood,41,95
3337,54,tiled,54,94
3338,68,fine_concrete,65,109
3339,70,soft_pvc,75,69
3340,56,soft_pvc,69,132
3341,71,tiled,56,28
3342,72,fine_concrete,50,18
3343,66,tiled,35,19
3344,62,concrete,58,2
3345,45,wood,66,15
3346,48,fine_concrete,65,48
3347,40,hard_tiles_large_space,59,62
3348,70,soft_pvc,75,51
3349,44,hard_tiles_large_space,48,2
3350,62,concrete,44,85
3351,56,soft_pvc,69,114
3352,64,tiled,54,17
3353,63,concrete,59,142
3354,59,hard_tiles_large_space,51,19
3355,38,wood,41,66
3356,41,concrete,45,50
3357,61,concrete,44,16
3358,65,wood,68,7
3359,46,wood,41,54
3360,63,concrete,52,10
3361,38,wood,41,97
3362,48,fine_concrete,65,60
3363,59,hard_tiles_large_space,63,8
3364,48,fine_concrete,65,34
3365,55,tiled,46,35
3366,38,wood,41,122
3367,51,soft_pvc,73,42
3368,53,soft_pvc,49,46
3369,61,concrete,44,67
3370,72,fine_concrete,52,8
3371,59,hard_tiles_large_space,51,31
3372,45,wood,70,0
3373,39,concrete,59,91
3374,71,tiled,53,8
3375,56,soft_pvc,69,105
3376,40,hard_tiles_large_space,59,36
3377,69,soft_pvc,69,37
3378,53,soft_pvc,49,49
3379,71,tiled,56,51
3380,72,fine_concrete,50,29
3381,38,wood,41,113
3382,45,wood,66,25
3383,68,fine_concrete,65,121
3384,62,concrete,44,83
3385,51,soft_pvc,73,25
3386,47,concrete,39,35
3387,53,soft_pvc,49,59
3388,49,wood,57,10
3389,60,carpet,38,11
3390,69,soft_pvc,69,41
3391,44,hard_tiles_large_space,48,32
3392,39,concrete,59,123
3393,36,fine_concrete,34,11
3394,49,wood,57,30
3395,60,carpet,38,10
3396,53,soft_pvc,49,23
3397,62,concrete,58,17
3398,42,concrete,60,51
3399,70,soft_pvc,75,53
3400,51,soft_pvc,73,18
3401,47,concrete,39,9
3402,68,fine_concrete,65,90
3403,48,fine_concrete,71,0
3404,70,soft_pvc,75,67
3405,39,concrete,59,128
3406,40,hard_tiles_large_space,59,34
3407,57,concrete,33,24
3408,47,concrete,39,28
3409,60,carpet,64,32
3410,42,concrete,60,33
3411,39,concrete,59,131
3412,69,soft_pvc,69,61
3413,72,fine_concrete,50,14
3414,45,wood,66,20
3415,57,concrete,33,20
3416,38,wood,41,92
3417,48,fine_concrete,65,15
3418,44,hard_tiles_large_space,59,18
3419,40,hard_tiles_large_space,59,57
3420,49,wood,57,28
3421,58,soft_pvc,49,74
3422,71,tiled,56,38
3423,41,concrete,45,22
3424,39,concrete,59,117
3425,70,soft_pvc,75,22
3426,43,wood,40,34
3427,60,carpet,64,5
3428,43,wood,61,23
3429,49,wood,57,53
3430,42,concrete,60,39
3431,44,hard_tiles_large_space,48,4
3432,64,tiled,54,35
3433,39,concrete,59,121
3434,61,concrete,44,45
3435,47,concrete,39,11
3436,56,soft_pvc,69,111
3437,45,wood,67,1
3438,66,tiled,35,32
3439,50,concrete,44,9
3440,41,concrete,45,25
3441,71,tiled,56,23
3442,47,concrete,39,62
3443,60,carpet,38,16
3444,42,concrete,60,26
3445,45,wood,66,24
3446,64,tiled,54,22
3447,65,wood,62,5
3448,48,fine_concrete,65,12
3449,51,soft_pvc,73,57
3450,40,hard_tiles_large_space,59,26
3451,53,soft_pvc,49,65
3452,66,tiled,35,11
3453,61,concrete,44,66
3454,44,hard_tiles_large_space,48,19
3455,43,wood,40,23
3456,41,concrete,45,47
3457,68,fine_concrete,65,75
3458,48,fine_concrete,65,6
3459,38,wood,41,79
3460,55,tiled,46,23
3461,66,tiled,35,27
3462,55,tiled,46,19
3463,59,hard_tiles_large_space,51,36
3464,69,soft_pvc,69,50
3465,72,fine_concrete,52,1
3466,49,wood,57,37
3467,68,fine_concrete,65,77
3468,53,soft_pvc,49,60
3469,70,soft_pvc,75,57
3470,65,wood,68,37
3471,62,concrete,44,103
3472,71,tiled,56,20
3473,66,tiled,35,44
3474,46,wood,72,0
3475,53,soft_pvc,49,16
3476,41,concrete,45,42
3477,40,hard_tiles_large_space,59,45
3478,64,tiled,54,16
3479,46,wood,41,14
3480,39,concrete,59,114
3481,41,concrete,45,14
3482,55,tiled,46,38
3483,59,hard_tiles_large_space,51,10
3484,66,tiled,35,5
3485,48,fine_concrete,65,55
3486,63,concrete,59,141
3487,54,tiled,54,114
3488,66,tiled,35,8
3489,40,hard_tiles_large_space,59,40
3490,64,tiled,54,49
3491,71,tiled,56,39
3492,72,fine_concrete,50,5
3493,48,fine_concrete,65,23
3494,54,tiled,54,62
3495,61,concrete,44,46
3496,64,tiled,54,15
3497,45,wood,47,18
3498,58,soft_pvc,49,73
3499,54,tiled,54,57
3500,41,concrete,45,68
3501,43,wood,71,6
3502,49,wood,57,2
3503,72,fine_concrete,50,6
3504,42,concrete,60,12
3505,72,fine_concrete,50,7
3506,62,concrete,58,11
3507,45,wood,47,10
3508,44,hard_tiles_large_space,48,45
3509,40,hard_tiles_large_space,59,64
3510,53,soft_pvc,49,6
3511,51,soft_pvc,73,46
3512,36,fine_concrete,34,32
3513,41,concrete,45,16
3514,69,soft_pvc,69,69
3515,40,hard_tiles_large_space,59,71
3516,69,soft_pvc,69,47
3517,39,concrete,59,83
3518,37,soft_pvc,69,9
3519,41,concrete,45,48
3520,61,concrete,44,24
3521,44,hard_tiles_large_space,48,25
3522,47,concrete,39,66
3523,41,concrete,45,54
3524,42,concrete,60,5
3525,71,tiled,56,26
3526,60,carpet,64,38
3527,49,wood,57,52
3528,37,soft_pvc,69,14
3529,49,wood,57,18
3530,72,fine_concrete,42,1
3531,48,fine_concrete,71,5
3532,55,tiled,56,9
3533,46,wood,41,1
3534,71,tiled,55,4
3535,68,fine_concrete,65,92
3536,59,hard_tiles_large_space,51,35
3537,60,carpet,64,14
3538,61,concrete,44,12
3539,57,concrete,33,14
3540,48,fine_concrete,65,56
3541,62,concrete,44,84
3542,40,hard_tiles_large_space,36,1
3543,66,tiled,35,54
3544,59,hard_tiles_large_space,63,16
3545,38,wood,41,102
3546,68,fine_concrete,65,131
3547,51,soft_pvc,73,0
3548,44,hard_tiles_large_space,48,7
3549,37,soft_pvc,69,1
3550,69,soft_pvc,69,84
3551,64,tiled,54,42
3552,59,hard_tiles_large_space,51,23
3553,59,hard_tiles_large_space,51,16
3554,44,hard_tiles_large_space,48,9
3555,64,tiled,54,43
3556,45,wood,66,33
3557,42,concrete,60,7
3558,66,tiled,35,12
3559,53,soft_pvc,49,14
3560,53,soft_pvc,49,11
3561,53,soft_pvc,49,43
3562,41,concrete,45,49
3563,38,wood,41,105
3564,55,tiled,56,8
3565,45,wood,47,14
3566,47,concrete,39,58
3567,43,wood,40,36
3568,53,soft_pvc,49,54
3569,55,tiled,56,4
3570,65,wood,62,15
3571,42,concrete,60,2
3572,70,soft_pvc,75,15
3573,51,soft_pvc,73,49
3574,52,carpet,37,10
3575,42,concrete,60,67
3576,44,hard_tiles_large_space,48,34
3577,40,hard_tiles_large_space,36,3
3578,51,soft_pvc,73,7
3579,69,soft_pvc,69,63
3580,39,concrete,59,89
3581,36,fine_concrete,34,22
3582,59,hard_tiles_large_space,63,14
3583,46,wood,41,46
3584,47,concrete,39,16
3585,45,wood,66,2
3586,38,wood,41,123
3587,66,tiled,35,60
3588,46,wood,72,7
3589,61,concrete,44,52
3590,43,wood,40,48
3591,40,hard_tiles_large_space,36,11
3592,60,carpet,64,20
3593,54,tiled,54,80
3594,66,tiled,35,37
3595,39,concrete,59,132
3596,66,tiled,35,10
3597,60,carpet,64,24
3598,72,fine_concrete,50,20
3599,40,hard_tiles_large_space,59,56
3600,40,hard_tiles_large_space,59,76
3601,46,wood,41,7
3602,43,wood,40,39
3603,54,tiled,54,88
3604,55,tiled,46,44
3605,64,tiled,54,24
3606,62,concrete,58,29
3607,53,soft_pvc,49,39
3608,70,soft_pvc,75,1
3609,47,concrete,39,4
3610,47,concrete,39,22
3611,71,tiled,43,2
3612,43,wood,40,47
3613,39,concrete,59,96
3614,41,concrete,45,55
3615,70,soft_pvc,75,23
3616,41,concrete,45,23
3617,47,concrete,39,27
3618,69,soft_pvc,69,86
3619,41,concrete,45,12
3620,62,concrete,58,1
3621,44,hard_tiles_large_space,59,15
3622,49,wood,57,14
3623,60,carpet,64,39
3624,44,hard_tiles_large_space,59,14
3625,59,hard_tiles_large_space,63,24
3626,40,hard_tiles_large_space,59,58
3627,40,hard_tiles_large_space,59,35
3628,69,soft_pvc,69,99
3629,37,soft_pvc,69,19
3630,45,wood,66,30
3631,60,carpet,38,8
3632,53,soft_pvc,49,44
3633,46,wood,72,12
3634,53,soft_pvc,49,18
3635,67,wood,74,0
3636,37,soft_pvc,69,3
3637,45,wood,47,2
3638,60,carpet,38,6
3639,42,concrete,60,18
3640,71,tiled,56,33
3641,42,concrete,60,50
3642,39,concrete,59,126
3643,67,wood,74,4
3644,44,hard_tiles_large_space,48,31
3645,54,tiled,54,110
3646,46,wood,41,30
3647,65,wood,68,36
3648,42,concrete,60,44
3649,62,concrete,44,100
3650,53,soft_pvc,49,68
3651,65,wood,62,7
3652,64,tiled,54,14
3653,46,wood,41,27
3654,48,fine_concrete,65,1
3655,43,wood,61,27
3656,68,fine_concrete,65,86
3657,62,concrete,58,20
3658,39,concrete,45,73
3659,68,fine_concrete,65,85
3660,64,tiled,54,31
3661,53,soft_pvc,49,1
3662,63,concrete,52,11
3663,63,concrete,52,13
3664,66,tiled,35,24
3665,39,concrete,45,76
3666,51,soft_pvc,73,22
3667,39,concrete,45,77
3668,66,tiled,35,22
3669,49,wood,57,8
3670,54,tiled,54,111
3671,46,wood,41,42
3672,68,fine_concrete,65,116
3673,39,concrete,59,129
3674,46,wood,41,22
3675,43,wood,40,44
3676,71,tiled,53,6
3677,54,tiled,54,120
3678,70,soft_pvc,75,0
3679,49,wood,57,16
3680,62,concrete,58,37
3681,42,concrete,60,42
3682,57,concrete,33,33
3683,66,tiled,35,28
3684,61,concrete,44,13
3685,59,hard_tiles_large_space,63,13
3686,64,tiled,54,28
3687,72,fine_concrete,52,2
3688,72,fine_concrete,50,31
3689,51,soft_pvc,73,11
3690,60,carpet,64,1
3691,66,tiled,35,14
3692,38,wood,41,124
3693,38,wood,41,65
3694,70,soft_pvc,75,44
3695,69,soft_pvc,69,85
3696,48,fine_concrete,65,4
3697,45,wood,67,8
3698,60,carpet,38,18
3699,54,tiled,54,71
3700,38,wood,41,108
3701,51,soft_pvc,73,30
3702,36,fine_concrete,34,19
3703,62,concrete,58,10
3704,55,tiled,46,32
3705,71,tiled,43,7
3706,68,fine_concrete,65,108
3707,70,soft_pvc,75,52
3708,56,soft_pvc,69,126
3709,61,concrete,44,61
3710,68,fine_concrete,65,103
3711,69,soft_pvc,69,55
3712,70,soft_pvc,75,49
3713,47,concrete,39,33
3714,60,carpet,64,36
3715,61,concrete,44,33
3716,48,fine_concrete,65,40
3717,46,wood,41,19
3718,42,concrete,60,14
3719,43,wood,40,42
3720,56,soft_pvc,69,121
3721,53,soft_pvc,49,37
3722,53,soft_pvc,49,63
3723,48,fine_concrete,65,53
3724,49,wood,57,54
3725,53,soft_pvc,49,67
3726,72,fine_concrete,50,8
3727,54,tiled,54,117
3728,36,fine_concrete,34,33
3729,41,concrete,45,24
3730,47,concrete,39,44
3731,65,wood,62,8
3732,60,carpet,64,33
3733,41,concrete,45,18
3734,43,wood,61,7
3735,53,soft_pvc,49,13
3736,37,soft_pvc,69,28
3737,49,wood,57,47
3738,70,soft_pvc,75,54
3739,65,wood,68,23
3740,41,concrete,45,62
3741,66,tiled,35,6
3742,64,tiled,54,10
3743,39,concrete,59,107
3744,59,hard_tiles_large_space,63,15
3745,61,concrete,44,59
3746,44,hard_tiles_large_space,59,17
3747,49,wood,57,41
3748,55,tiled,56,3
3749,53,soft_pvc,49,9
3750,46,wood,41,18
3751,48,fine_concrete,65,50
3752,64,tiled,54,20
3753,42,concrete,60,27
3754,62,concrete,44,104
3755,54,tiled,54,89
3756,39,concrete,59,101
3757,56,soft_pvc,69,107
3758,65,wood,68,9
3759,46,wood,41,10
3760,68,fine_concrete,65,74
3761,62,concrete,44,101
3762,44,hard_tiles_large_space,48,33
3763,36,fine_concrete,34,5
3764,38,wood,41,90
3765,47,concrete,39,23
3766,68,fine_concrete,65,102
3767,39,concrete,59,86
3768,60,carpet,64,23
3769,63,concrete,52,15
3770,42,concrete,60,64
3771,55,tiled,56,18
3772,36,fine_concrete,34,3
3773,44,hard_tiles_large_space,59,5
3774,60,carpet,64,19
3775,44,hard_tiles_large_space,59,7
3776,64,tiled,54,9
3777,44,hard_tiles_large_space,48,20
3778,41,concrete,45,39
3779,55,tiled,56,14
3780,63,concrete,52,12
3781,40,hard_tiles_large_space,59,69
3782,72,fine_concrete,50,19
3783,72,fine_concrete,50,46
3784,71,tiled,56,30
3785,49,wood,57,6
3786,68,fine_concrete,65,71
3787,62,concrete,44,82
3788,69,soft_pvc,69,76
3789,46,wood,41,9
3790,59,hard_tiles_large_space,51,20
3791,42,concrete,60,4
3792,69,soft_pvc,69,36
3793,55,tiled,56,6
3794,40,hard_tiles_large_space,59,32
3795,39,concrete,59,138
3796,46,wood,41,38
3797,48,fine_concrete,65,3
3798,39,concrete,59,125
3799,55,tiled,46,16
3800,68,fine_concrete,65,64
3801,59,hard_tiles_large_space,63,22
3802,55,tiled,46,11
3803,45,wood,66,36
3804,66,tiled,35,1
3805,55,tiled,46,4
3806,67,wood,74,2
3807,48,fine_concrete,65,57
3808,54,tiled,54,97
3809,56,soft_pvc,69,123
